check,status,evidence,scope
source_contract,PASS,original setup1112-1236 and selected block1863-1868,no production change
held_execution,PASS,actual exit459 before load or fitting,no research authority
numeric_projection,PASS,423 rows24 numeric fields,no identifiers or participant export
observable_eligibility,PASS,368 complete cases design rank13 312 clear56 not clear55 missing,not fitted N rank convergence or separation
artificial_native,PASS,271 keyed records11 fields early final CSV17 equal,artificial e-post only
seed_pair,PASS,44 keyed rows preserved in each of three columns six additional blanks,50 TXT48 RTF artificial rows
historical_targets,PASS,58 selected column4 strings and464 shared cells frozen,not reproduced estimates
dispatch,PASS,two selections one owned worker closed four parent calls,no default fit margins or predictions
preservation_gate,REQUIRED,768 originals8400 prior private103 snapshots,exact-set byte check before closure
cumulative_review_gate,REQUIRED,75 groups416 tests owner independent fresh postreview,sole critic all exclusions ruled
compiler_gate,REQUIRED,same open main.tex built-in compiler unchanged preamble,no visual layout approval
seal_gate,REQUIRED,exclusive seal separate actual saved-only proof,technical completion only science release held
