row,label,string
1,,(4)
2,VARIABLES,Provider info clear
3,,
4,recent_digital_use,
5,,
6,2.age_cat,2.634**
7,,(1.049)
8,3.age_cat,4.345***
9,,(2.403)
10,4.age_cat,1.014
11,,(1.385)
12,2.q3,0.893
13,,(0.484)
14,3.q3,2.911
15,,(1.998)
16,4.q3,0.495
17,,(0.290)
18,ivs_score,2.434
19,,(3.212)
20,iat_score,1.641
21,,(2.740)
22,icdp_score,0.081**
23,,(0.097)
24,iaff_score,0.203*
25,,(0.184)
26,oqi_score_01,39.815***
27,,(51.814)
28,IEDF,
29,,
30,IEH,1.050***
31,,(0.011)
32,digital_problem,
33,,
34,fee_visible,
35,,
36,provider_info_clear,.
37,,(.)
38,feels_secure,
39,,
40,any_payment_problem,
41,,
42,4o.age_cat,
43,,
44,high_autonomy,
45,,
46,iurd_score_01,
47,,
48,ICPF,
49,,
50,Constant,0.234
51,,(0.402)
52,,
53,Observations,368
54,City FE,Yes
55,Robust SE,Yes
56,Estimator,Logit OR
57,Robust seeform in parentheses,
58,"*** p<0.01, ** p<0.05, * p<0.1",
