source_row,kind,term,historical,replay,replay_row,replay_row_present,historical_label,replay_label,structural_sibling_absence,comparison_equal
1,header,0,(1),(1),1,True,,,False,True
2,header,1,Recent digital use,Recent digital use,2,True,VARIABLES,VARIABLES,False,True
3,separator,1,,,3,True,,,False,True
4,label,recent_digital_use,.,.,4,True,recent_digital_use,recent_digital_use,False,True
5,se,recent_digital_use,(.),(.),5,True,,,False,True
6,label,2.age_cat,0.548,0.548,6,True,2.age_cat,2.age_cat,False,True
7,se,2.age_cat,(0.273),(0.273),7,True,,,False,True
8,label,3.age_cat,0.646,0.646,8,True,3.age_cat,3.age_cat,False,True
9,se,3.age_cat,(0.372),(0.372),9,True,,,False,True
10,label,4.age_cat,1.217,1.217,10,True,4.age_cat,4.age_cat,False,True
11,se,4.age_cat,(1.281),(1.281),11,True,,,False,True
12,label,2.q3,0.246***,0.246***,12,True,2.q3,2.q3,False,True
13,se,2.q3,(0.126),(0.126),13,True,,,False,True
14,label,3.q3,0.396*,0.396*,14,True,3.q3,3.q3,False,True
15,se,3.q3,(0.188),(0.188),15,True,,,False,True
16,label,4.q3,0.612,0.612,16,True,4.q3,4.q3,False,True
17,se,4.q3,(0.355),(0.355),17,True,,,False,True
18,label,ivs_score,1.557,1.557,18,True,ivs_score,ivs_score,False,True
19,se,ivs_score,(2.311),(2.311),19,True,,,False,True
20,label,iat_score,5.513,5.513,20,True,iat_score,iat_score,False,True
21,se,iat_score,(7.875),(7.875),21,True,,,False,True
22,label,icdp_score,1.411,1.411,22,True,icdp_score,icdp_score,False,True
23,se,icdp_score,(1.241),(1.241),23,True,,,False,True
24,label,iaff_score,1.428,1.428,24,True,iaff_score,iaff_score,False,True
25,se,iaff_score,(1.202),(1.202),25,True,,,False,True
26,label,oqi_score_01,75.035***,75.035***,26,True,oqi_score_01,oqi_score_01,False,True
27,se,oqi_score_01,(83.055),(83.055),27,True,,,False,True
28,label,IEDF,0.994,0.994,28,True,IEDF,IEDF,False,True
29,se,IEDF,(0.009),(0.009),29,True,,,False,True
30,label,IEH,1.012,1.012,30,True,IEH,IEH,False,True
31,se,IEH,(0.009),(0.009),31,True,,,False,True
32,label,digital_problem,,,,False,digital_problem,,True,True
33,se,digital_problem,,,,False,,,True,True
34,label,fee_visible,,,,False,fee_visible,,True,True
35,se,fee_visible,,,,False,,,True,True
36,label,provider_info_clear,,,,False,provider_info_clear,,True,True
37,se,provider_info_clear,,,,False,,,True,True
38,label,feels_secure,,,,False,feels_secure,,True,True
39,se,feels_secure,,,,False,,,True,True
40,label,any_payment_problem,,,,False,any_payment_problem,,True,True
41,se,any_payment_problem,,,,False,,,True,True
42,label,4o.age_cat,,,,False,4o.age_cat,,True,True
43,separator,2,,,34,True,,,False,True
44,label,high_autonomy,,,,False,high_autonomy,,True,True
45,se,high_autonomy,,,,False,,,True,True
46,label,iurd_score_01,,,,False,iurd_score_01,,True,True
47,se,iurd_score_01,,,,False,,,True,True
48,label,ICPF,,,,False,ICPF,,True,True
49,se,ICPF,,,,False,,,True,True
50,label,Constant,0.090,0.090,32,True,Constant,Constant,False,True
51,se,Constant,(0.173),(0.173),33,True,,,False,True
52,separator,3,,,,False,,,True,True
53,label,Observations,413,413,35,True,Observations,Observations,False,True
54,label,City FE,Yes,Yes,36,True,City FE,City FE,False,True
55,label,Robust SE,Yes,Yes,37,True,Robust SE,Robust SE,False,True
56,label,Estimator,Logit OR,Logit OR,38,True,Estimator,Estimator,False,True
57,label,Robust seeform in parentheses,,,39,True,Robust seeform in parentheses,Robust seeform in parentheses,False,True
58,label,"*** p<0.01, ** p<0.05, * p<0.1",,,40,True,"*** p<0.01, ** p<0.05, * p<0.1","*** p<0.01, ** p<0.05, * p<0.1",False,True
