stage,source_binding,input_binding,version_and_sample_contract,write_status,comparison_binding,remaining_gate
Master,Master SHA256 D2EC519440281BFD0316EC9CD7DE1BDF64AFADFF5E7959E43A774F33323C7B39;lines28-75,Declared Dropbox and Git paths;vendored PLUS,version16 and seed6427961;commented IFC dispatches;installation paths live,DENY_PRODUCTION_EXECUTION,No historical master runtime or dispatch certificate,M6.03.1 protected route adapter
Preparation,Preparation SHA256 E6A9E542DCFF1067DCDA7A37A19B5CFF542B65B54622F198C240A419DC0ED449;lines30-31;992;999;1011-1016;2221-2223,Exact raw workbook plus separate preserved audit/coded references in protected manifest,No executable top-level version declaration;490 raw/audit and423 retained reference;literal filters preserve consent/woman/household-remittance and key criteria without adding an adult-age filter,DENY_PRODUCTION_WRITES,15 accepted measurement recipes and immutable historical states;clock mismatch remains,M6.03.1 allowlist and subsequent raw/sample replay
Descriptive,Analysis SHA256 714377CA31DE2B6D70DB0994E3C7EF6A38374165D7B1FB7C7ABEB3B3F56549C9;line27,Output-copy analysis input is absent;do not silently fall back to current coded file,Inherited initial version is not certified by a header comment;Table2 andFigures6-10 retain old two-term IVS regime,DENY_UNBOUND_INPUT,Historical exhibit and retained-state pins;exact display contracts from IAT_IVS_EXHIBIT_AUDIT.md,M6.03.1 explicit input alias before M6.04/M6.08
Core_regressions,Analysis lines1105-1898,Actual coded input present;423rows439variables;contact fields remain,Explicit version19 at1118;45 core equations plus separate interaction/supplementary families;fit-specific N unknown,DENY_ESTIMATION,Core source model IDs and equations in measurement-crosswalk/core_model_specifications.csv;artifact targets pinned;numeric extraction pending,M6.06 fit-specific samples coefficients SE and AME
LCA_intake,Analysis lines1912-2406,Preferred coded path;output fallback absent;sample-integrity and base-sample outputs must be protected,Source and availability filters retained;generated membership flags not independent eligibility evidence,DENY_LEGACY_OUTPUT,36 immutable data-state headers and original field/sample evidence;no fitted N claim,M6.03.1 version-bound reload graph
Binary_LCA,Analysis line6193 and33 explicit GSEM source catalogue,Version-bound LCA-ready and minimal binary intermediates,version16;model-specific seed/draw/iteration source parameters retained;source declarations not proof of fits,DENY_ESTIMATION,31 retained estimate artifacts across output tree;model target mapping/high-precision extraction pending,M6.04/M6.06/M6.07
Hybrid_final_H1,Analysis lines7482;8809-8832;finalH1_k4,Version-bound hybrid ready andfinal_lca_sample;seven actual indicators,version16;sortKEY;sortseed6529004;seed6529004;randomid600draws seed6529004;iterate8000;capture sortseed must be checked,DENY_ESTIMATION,Stored fit/class/posterior artifacts frozen;allow class-label permutation only after keyed fit validation,M6.06/M6.07 stored-target extraction and historical replay
Clustering_and_profiles,Analysis source catalogue;five explicit cluster commands and subsequent reloads,Final-segment and intermediate states;12 actual continuous clustering inputs,Input ordering RNG and fallback branches pinned;profile denominators/model tests are not independent external validation,DENY_ESTIMATION,Stored centroids labels posterior diagnostics and profile artifacts pinned;numeric target availability explicit,M6.04/M6.06/M6.07/M6.08
Online_appendix,Analysis lines19348-19648,Independent git-derived appendix_root and final-segment reload,58 appendix_copy calls plus new descriptive exports;replace copies are not protected by output_dir alone,DENY_PUBLIC_OR_LEGACY_WRITES,564 existing output/appendix file occurrences pinned including duplicates;not564 scientific targets or approved files,M6.03.1 shadow Git/appendix destination contract
