route,effect,destination,status
coded reload1105-1106,read24 projected analytical fields/all423,explicit preserved coded35; no latest fallback,no-fit schema pass; producer unproven
scientific setup1112-1236,q3 pool/eight binary helpers/15 standardized aliases/seven globals,owned analytical memory; source unchanged,literal no-fit setup checked
source three cap mkdir,fresh directories,private selected-fit root/regression/tables/figures,held; no fit root created
IURD1248-1292,five regressions; source-eststo memory,owned worker only,unconditional459 before estimator
four source outreg2 writes,first replace then three append;RTF+TXT,private Table_F1_IURD.doc/.txt,actual synthetic renderer pass; no historical fit
source graph export1291,coefficient PNG,private fig40_coef_iurd.png,original-option synthetic fixture pass; no fit
outreg2 dependency preference,pref replacement,private byte-exact code overlay/outreg2.pref,real findfile route and synthetic write verified
execution log,new owned log,private selected-fit root/iurd_execution.log,prepared unreachable; no replacement
Stata-owned tempfiles,internal table intermediate files,Stata OS temp area,not OS sandbox certification
closure,normal/error clear/estimate/seven-source-global/two-eststo-bookkeepers/PLUS/overlay/scheme/linesize/log closure,owned context only,no-fit/native closure checked; fit cleanup unexecuted
