artifact,fields,role,intake,release
CFI_DPI Data for audit.dta,266,participant_linked_header_only,No new participant values loaded from this file,NOT_RELEASE_APPROVED
CFI_DPI_Data_with_Final_Segments.dta,582,participant_linked_header_only,No new participant values loaded from this file,NOT_RELEASE_APPROVED
CFI_DPI_Data_with_LCA_classes.dta,558,participant_linked_header_only,No new participant values loaded from this file,NOT_RELEASE_APPROVED
CFI_DPI_S15_regression_overlay_data.dta,578,participant_linked_header_only,No new participant values loaded from this file,NOT_RELEASE_APPROVED
CFI_DPI_cluster_base_sample.dta,446,participant_linked_header_only,No new participant values loaded from this file,NOT_RELEASE_APPROVED
CFI_DPI_final_class_profiles_long.dta,13,restricted_stored_aggregate_exact_readback,All numeric/text cells exact readback,NOT_RELEASE_APPROVED
CFI_DPI_final_lca_fit_summary.dta,23,restricted_stored_aggregate_exact_readback,All numeric/text cells exact readback,NOT_RELEASE_APPROVED
CFI_DPI_final_model_selection.dta,34,restricted_stored_aggregate_exact_readback,All numeric/text cells exact readback,NOT_RELEASE_APPROVED
CFI_DPI_final_policy_typology.dta,17,restricted_stored_aggregate_exact_readback,All numeric/text cells exact readback,NOT_RELEASE_APPROVED
CFI_DPI_final_segment_centroids_long.dta,18,restricted_stored_aggregate_exact_readback,All numeric/text cells exact readback,NOT_RELEASE_APPROVED
CFI_DPI_final_segment_centroids_wide.dta,43,restricted_stored_aggregate_exact_readback,All numeric/text cells exact readback,NOT_RELEASE_APPROVED
CFI_DPI_hybrid_LCA_assignments.dta,566,participant_linked_header_only,No new participant values loaded from this file,NOT_RELEASE_APPROVED
CFI_DPI_hybrid_LCA_fit_summary.dta,20,restricted_stored_aggregate_exact_readback,All numeric/text cells exact readback,NOT_RELEASE_APPROVED
CFI_DPI_hybrid_LCA_ready_variables.dta,544,participant_linked_header_only,No new participant values loaded from this file,NOT_RELEASE_APPROVED
CFI_DPI_hybrid_LCA_response_patterns.dta,8,restricted_stored_aggregate_exact_readback,All numeric/text cells exact readback,NOT_RELEASE_APPROVED
CFI_DPI_hybrid_category_distributions.dta,4,restricted_stored_aggregate_exact_readback,All numeric/text cells exact readback,NOT_RELEASE_APPROVED
CFI_DPI_hybrid_variable_distribution_diagnostics.dta,18,restricted_stored_aggregate_exact_readback,All numeric/text cells exact readback,NOT_RELEASE_APPROVED
CFI_DPI_lca_categorical_cramersv.dta,11,restricted_stored_aggregate_exact_readback,All numeric/text cells exact readback,NOT_RELEASE_APPROVED
CFI_DPI_lca_category_distributions.dta,10,restricted_stored_aggregate_exact_readback,All numeric/text cells exact readback,NOT_RELEASE_APPROVED
CFI_DPI_lca_continuous_correlations.dta,8,restricted_stored_aggregate_exact_readback,All numeric/text cells exact readback,NOT_RELEASE_APPROVED
CFI_DPI_lca_feature_set_diagnostics.dta,13,restricted_stored_aggregate_exact_readback,All numeric/text cells exact readback,NOT_RELEASE_APPROVED
CFI_DPI_lca_feature_set_overview.dta,9,restricted_stored_aggregate_exact_readback,All numeric/text cells exact readback,NOT_RELEASE_APPROVED
CFI_DPI_lca_feature_set_variables.dta,14,restricted_stored_aggregate_exact_readback,All numeric/text cells exact readback,NOT_RELEASE_APPROVED
CFI_DPI_lca_flagged_redundancy_pairs.dta,9,restricted_stored_aggregate_exact_readback,All numeric/text cells exact readback,NOT_RELEASE_APPROVED
CFI_DPI_lca_minimal_binary_inputs.dta,528,participant_linked_header_only,No new participant values loaded from this file,NOT_RELEASE_APPROVED
CFI_DPI_lca_missingness_diagnostics.dta,16,restricted_stored_aggregate_exact_readback,All numeric/text cells exact readback,NOT_RELEASE_APPROVED
CFI_DPI_lca_ready_variables.dta,520,participant_linked_header_only,No new participant values loaded from this file,NOT_RELEASE_APPROVED
CFI_DPI_lca_recoded_distributions.dta,10,restricted_stored_aggregate_exact_readback,All numeric/text cells exact readback,NOT_RELEASE_APPROVED
CFI_DPI_lca_recoding_metadata.dta,7,restricted_stored_aggregate_exact_readback,All numeric/text cells exact readback,NOT_RELEASE_APPROVED
CFI_DPI_lca_variable_inventory.dta,20,restricted_stored_aggregate_exact_readback,All numeric/text cells exact readback,NOT_RELEASE_APPROVED
CFI_DPI_minimal_LCA_fit_summary.dta,20,restricted_stored_aggregate_exact_readback,All numeric/text cells exact readback,NOT_RELEASE_APPROVED
CFI_DPI_minimal_LCA_response_patterns.dta,8,restricted_stored_aggregate_exact_readback,All numeric/text cells exact readback,NOT_RELEASE_APPROVED
CFI_DPI_segmentation_LCA_assignments.dta,576,participant_linked_header_only,No new participant values loaded from this file,NOT_RELEASE_APPROVED
CFI_DPI_segmentation_working_dataset.dta,549,participant_linked_header_only,No new participant values loaded from this file,NOT_RELEASE_APPROVED
plotdata_figC10_core_outcomes_by_segment.dta,19,restricted_stored_aggregate_exact_readback,All numeric/text cells exact readback,NOT_RELEASE_APPROVED
plotdata_figC6_profile_probabilities.dta,5,restricted_stored_aggregate_exact_readback,All numeric/text cells exact readback,NOT_RELEASE_APPROVED
plotdata_figC7_standardized_centroids_long.dta,10,restricted_stored_aggregate_exact_readback,All numeric/text cells exact readback,NOT_RELEASE_APPROVED
plotdata_figC7_standardized_centroids_wide.dta,6,restricted_stored_aggregate_exact_readback,All numeric/text cells exact readback,NOT_RELEASE_APPROVED
plotdata_figC8_final_class_sizes.dta,5,restricted_stored_aggregate_exact_readback,All numeric/text cells exact readback,NOT_RELEASE_APPROVED
plotdata_figC9_certainty_by_segment.dta,5,restricted_stored_aggregate_exact_readback,All numeric/text cells exact readback,NOT_RELEASE_APPROVED
postLCA_core_outcome_definitions.dta,9,restricted_stored_aggregate_exact_readback,All numeric/text cells exact readback,NOT_RELEASE_APPROVED
postLCA_core_outcome_pairwise_Holm.dta,22,restricted_stored_aggregate_exact_readback,All numeric/text cells exact readback,NOT_RELEASE_APPROVED
postLCA_core_outcome_tests.dta,16,restricted_stored_aggregate_exact_readback,All numeric/text cells exact readback,NOT_RELEASE_APPROVED
postLCA_core_outcomes_long.dta,25,restricted_stored_aggregate_exact_readback,All numeric/text cells exact readback,NOT_RELEASE_APPROVED
postLCA_profile_categorical_long.dta,17,restricted_stored_aggregate_exact_readback,All numeric/text cells exact readback,NOT_RELEASE_APPROVED
postLCA_profile_categorical_tests.dta,12,restricted_stored_aggregate_exact_readback,All numeric/text cells exact readback,NOT_RELEASE_APPROVED
postLCA_profile_continuous_long.dta,17,restricted_stored_aggregate_exact_readback,All numeric/text cells exact readback,NOT_RELEASE_APPROVED
postLCA_profile_continuous_tests.dta,12,restricted_stored_aggregate_exact_readback,All numeric/text cells exact readback,NOT_RELEASE_APPROVED
postLCA_profile_pairwise_Holm.dta,21,restricted_stored_aggregate_exact_readback,All numeric/text cells exact readback,NOT_RELEASE_APPROVED
posterior_H1_k2.dta,4,restricted_posterior_identifier_excluding_diagnostics,No posterior row export;immutable source retained;no recovered e.sample,NOT_RELEASE_APPROVED
posterior_H1_k4.dta,6,restricted_posterior_identifier_excluding_diagnostics,No posterior row export;immutable source retained;no recovered e.sample,NOT_RELEASE_APPROVED
posterior_H2_k2.dta,4,restricted_posterior_identifier_excluding_diagnostics,No posterior row export;immutable source retained;no recovered e.sample,NOT_RELEASE_APPROVED
posterior_H3_k2.dta,4,restricted_posterior_identifier_excluding_diagnostics,No posterior row export;immutable source retained;no recovered e.sample,NOT_RELEASE_APPROVED
posterior_H3_k4.dta,6,restricted_posterior_identifier_excluding_diagnostics,No posterior row export;immutable source retained;no recovered e.sample,NOT_RELEASE_APPROVED
posterior_H4_k2.dta,4,restricted_posterior_identifier_excluding_diagnostics,No posterior row export;immutable source retained;no recovered e.sample,NOT_RELEASE_APPROVED
posterior_M1_k2.dta,4,restricted_posterior_identifier_excluding_diagnostics,No posterior row export;immutable source retained;no recovered e.sample,NOT_RELEASE_APPROVED
posterior_M1_k3.dta,5,restricted_posterior_identifier_excluding_diagnostics,No posterior row export;immutable source retained;no recovered e.sample,NOT_RELEASE_APPROVED
posterior_M1_k4.dta,6,restricted_posterior_identifier_excluding_diagnostics,No posterior row export;immutable source retained;no recovered e.sample,NOT_RELEASE_APPROVED
posterior_M2_k2.dta,4,restricted_posterior_identifier_excluding_diagnostics,No posterior row export;immutable source retained;no recovered e.sample,NOT_RELEASE_APPROVED
posterior_M2_k3.dta,5,restricted_posterior_identifier_excluding_diagnostics,No posterior row export;immutable source retained;no recovered e.sample,NOT_RELEASE_APPROVED
posterior_M2_k4.dta,6,restricted_posterior_identifier_excluding_diagnostics,No posterior row export;immutable source retained;no recovered e.sample,NOT_RELEASE_APPROVED
posterior_M3_k2.dta,4,restricted_posterior_identifier_excluding_diagnostics,No posterior row export;immutable source retained;no recovered e.sample,NOT_RELEASE_APPROVED
posterior_M3_k3.dta,5,restricted_posterior_identifier_excluding_diagnostics,No posterior row export;immutable source retained;no recovered e.sample,NOT_RELEASE_APPROVED
posterior_M3_k4.dta,6,restricted_posterior_identifier_excluding_diagnostics,No posterior row export;immutable source retained;no recovered e.sample,NOT_RELEASE_APPROVED
posterior_M4_k2.dta,4,restricted_posterior_identifier_excluding_diagnostics,No posterior row export;immutable source retained;no recovered e.sample,NOT_RELEASE_APPROVED
posterior_M4_k3.dta,5,restricted_posterior_identifier_excluding_diagnostics,No posterior row export;immutable source retained;no recovered e.sample,NOT_RELEASE_APPROVED
posterior_M4_k4.dta,6,restricted_posterior_identifier_excluding_diagnostics,No posterior row export;immutable source retained;no recovered e.sample,NOT_RELEASE_APPROVED
