model,artifact,sha256,stored_entries,command,numbers,sample_membership,producer_identity,release
H1_k2,2 Output/cluster/models/H1_k2.ster,0AE18783834C9C456950427B183B3D0E7BF0952D0EC91D4BD778AD42078EE838,1,gsem,Exact scalar/matrix/native-stripe/full-macro readback in restricted packet;coefficients/SE available,UNAVAILABLE_FROM_STER_ZEROED_NOT_RECONSTRUCTED,Stored cmdline and file pinned; unique original run not certified,NOT_RELEASE_APPROVED
H1_k4,2 Output/cluster/models/H1_k4.ster,1D135F061367D53EF93955A747098C10C9314666C78FD8526D20A18650A1F150,1,gsem,Exact scalar/matrix/native-stripe/full-macro readback in restricted packet;coefficients/SE available,UNAVAILABLE_FROM_STER_ZEROED_NOT_RECONSTRUCTED,Stored cmdline and file pinned; unique original run not certified,NOT_RELEASE_APPROVED
H2_k2,2 Output/cluster/models/H2_k2.ster,D3AFD62164E39CBD3CB161094AA54CD26D0B90BE99D237BC3D98C6155575EE54,1,gsem,Exact scalar/matrix/native-stripe/full-macro readback in restricted packet;coefficients/SE available,UNAVAILABLE_FROM_STER_ZEROED_NOT_RECONSTRUCTED,Stored cmdline and file pinned; unique original run not certified,NOT_RELEASE_APPROVED
H3_k2,2 Output/cluster/models/H3_k2.ster,48875E135D046D242EDE8FCF3CC00B66BC2E191C829F25BC5281548E6801CC8D,1,gsem,Exact scalar/matrix/native-stripe/full-macro readback in restricted packet;coefficients/SE available,UNAVAILABLE_FROM_STER_ZEROED_NOT_RECONSTRUCTED,Stored cmdline and file pinned; unique original run not certified,NOT_RELEASE_APPROVED
H3_k4,2 Output/cluster/models/H3_k4.ster,899DF4C927FD72D589AA8BBA2ACFF703A7645B7EA68701AFD931995CF0004A02,1,gsem,Exact scalar/matrix/native-stripe/full-macro readback in restricted packet;coefficients/SE available,UNAVAILABLE_FROM_STER_ZEROED_NOT_RECONSTRUCTED,Stored cmdline and file pinned; unique original run not certified,NOT_RELEASE_APPROVED
H4_k2,2 Output/cluster/models/H4_k2.ster,DFB5003ED0D004F07720DBD16A8EDA67DA8AC41575A26B82C43A85512622106B,1,gsem,Exact scalar/matrix/native-stripe/full-macro readback in restricted packet;coefficients/SE available,UNAVAILABLE_FROM_STER_ZEROED_NOT_RECONSTRUCTED,Stored cmdline and file pinned; unique original run not certified,NOT_RELEASE_APPROVED
M1_k2,2 Output/cluster/models/M1_k2.ster,B1ABB5E7398A9B01DD06B4B5C42075B06D5B0916EE502EDED3DB1D8E876F8E26,1,gsem,Exact scalar/matrix/native-stripe/full-macro readback in restricted packet;coefficients/SE available,UNAVAILABLE_FROM_STER_ZEROED_NOT_RECONSTRUCTED,Stored cmdline and file pinned; unique original run not certified,NOT_RELEASE_APPROVED
M1_k3,2 Output/cluster/models/M1_k3.ster,C18E1E1A4ADFC77B2EEEA649F7F053A0FBC348FC1199B930E013E56673DB7F64,1,gsem,Exact scalar/matrix/native-stripe/full-macro readback in restricted packet;coefficients/SE available,UNAVAILABLE_FROM_STER_ZEROED_NOT_RECONSTRUCTED,Stored cmdline and file pinned; unique original run not certified,NOT_RELEASE_APPROVED
M1_k4,2 Output/cluster/models/M1_k4.ster,05FCBFA432B98D1068048677CCBD7C7456737C5FF8E4D4D6AE36BCB2FA88D22E,1,gsem,Exact scalar/matrix/native-stripe/full-macro readback in restricted packet;coefficients/SE available,UNAVAILABLE_FROM_STER_ZEROED_NOT_RECONSTRUCTED,Stored cmdline and file pinned; unique original run not certified,NOT_RELEASE_APPROVED
M2_k2,2 Output/cluster/models/M2_k2.ster,D842B7B2F18F2FF321C433085F7015A27BD6F8E6884FCFEEE10C2BB7067DDAFA,1,gsem,Exact scalar/matrix/native-stripe/full-macro readback in restricted packet;coefficients/SE available,UNAVAILABLE_FROM_STER_ZEROED_NOT_RECONSTRUCTED,Stored cmdline and file pinned; unique original run not certified,NOT_RELEASE_APPROVED
M2_k3,2 Output/cluster/models/M2_k3.ster,6A1CBB71B13A477B4CE5EA2CC7709DA3E08160A5883463C3083527753F2B57A3,1,gsem,Exact scalar/matrix/native-stripe/full-macro readback in restricted packet;coefficients/SE available,UNAVAILABLE_FROM_STER_ZEROED_NOT_RECONSTRUCTED,Stored cmdline and file pinned; unique original run not certified,NOT_RELEASE_APPROVED
M2_k4,2 Output/cluster/models/M2_k4.ster,F9F23886366D7A930D10186E090837A601262C13F4BEB51F0B6B75A8D918ADF8,1,gsem,Exact scalar/matrix/native-stripe/full-macro readback in restricted packet;coefficients/SE available,UNAVAILABLE_FROM_STER_ZEROED_NOT_RECONSTRUCTED,Stored cmdline and file pinned; unique original run not certified,NOT_RELEASE_APPROVED
M3_k2,2 Output/cluster/models/M3_k2.ster,6CA1A722867860ABEEFD32337FB987E28004FDD9BDE9B911C5634E8907D4008F,1,gsem,Exact scalar/matrix/native-stripe/full-macro readback in restricted packet;coefficients/SE available,UNAVAILABLE_FROM_STER_ZEROED_NOT_RECONSTRUCTED,Stored cmdline and file pinned; unique original run not certified,NOT_RELEASE_APPROVED
M3_k3,2 Output/cluster/models/M3_k3.ster,71CEBAB20F774B602DC7FD6E86AD93ACFC1490C280C8AC164F48AEF5441ABEBB,1,gsem,Exact scalar/matrix/native-stripe/full-macro readback in restricted packet;coefficients/SE available,UNAVAILABLE_FROM_STER_ZEROED_NOT_RECONSTRUCTED,Stored cmdline and file pinned; unique original run not certified,NOT_RELEASE_APPROVED
M3_k4,2 Output/cluster/models/M3_k4.ster,9157A5BB1491672A2767859EFE272D8CEE46913EB5C2DC1D3F086B1EEAA2790B,1,gsem,Exact scalar/matrix/native-stripe/full-macro readback in restricted packet;coefficients/SE available,UNAVAILABLE_FROM_STER_ZEROED_NOT_RECONSTRUCTED,Stored cmdline and file pinned; unique original run not certified,NOT_RELEASE_APPROVED
M4_k2,2 Output/cluster/models/M4_k2.ster,A6A5A4C9DB981E5197A40CDCD0219F78C2CCEFC7AF6634774EE6DB6CD8625A93,1,gsem,Exact scalar/matrix/native-stripe/full-macro readback in restricted packet;coefficients/SE available,UNAVAILABLE_FROM_STER_ZEROED_NOT_RECONSTRUCTED,Stored cmdline and file pinned; unique original run not certified,NOT_RELEASE_APPROVED
M4_k3,2 Output/cluster/models/M4_k3.ster,D1111A51AD12EB0BE6AF19000D0824C3505DD535A9A300C893E7F85CF9E7C429,1,gsem,Exact scalar/matrix/native-stripe/full-macro readback in restricted packet;coefficients/SE available,UNAVAILABLE_FROM_STER_ZEROED_NOT_RECONSTRUCTED,Stored cmdline and file pinned; unique original run not certified,NOT_RELEASE_APPROVED
M4_k4,2 Output/cluster/models/M4_k4.ster,F47E977FA49429BFA2E21A425900AC5A808C65A82FC8AE2CDE5E1CC3DF2BF36E,1,gsem,Exact scalar/matrix/native-stripe/full-macro readback in restricted packet;coefficients/SE available,UNAVAILABLE_FROM_STER_ZEROED_NOT_RECONSTRUCTED,Stored cmdline and file pinned; unique original run not certified,NOT_RELEASE_APPROVED
lca_final_hybrid_H1_k4,2 Output/cluster/models/lca_final_hybrid_H1_k4.ster,1C24B46A1A39A6B8876770F1F68E8D78619DF12A0CCDFEA9B869F94B64E06987,1,gsem,Exact scalar/matrix/native-stripe/full-macro readback in restricted packet;coefficients/SE available,UNAVAILABLE_FROM_STER_ZEROED_NOT_RECONSTRUCTED,Stored cmdline and file pinned; unique original run not certified,NOT_RELEASE_APPROVED
m15_IAER_ols,2 Output/cluster/models/m15_IAER_ols.ster,810A0456DD81352D427E0C7F6ED73928AC07FEA7F32CE1B329765C1FD26DCEDC,1,regress,Exact scalar/matrix/native-stripe/full-macro readback in restricted packet;coefficients/SE available,UNAVAILABLE_FROM_STER_ZEROED_NOT_RECONSTRUCTED,Stored cmdline and file pinned; unique original run not certified,NOT_RELEASE_APPROVED
m15_IBPD_ols,2 Output/cluster/models/m15_IBPD_ols.ster,68BC2197220F5D7FC4F8B426AD42486A04081F72B92A576AF7781A6D0A90A9B5,1,regress,Exact scalar/matrix/native-stripe/full-macro readback in restricted packet;coefficients/SE available,UNAVAILABLE_FROM_STER_ZEROED_NOT_RECONSTRUCTED,Stored cmdline and file pinned; unique original run not certified,NOT_RELEASE_APPROVED
m15_ICPF_ols,2 Output/cluster/models/m15_ICPF_ols.ster,08F9A20539D49AA791E82F31CDD8FAA9A70AF1F39E6EF4AD1716CD85F2CC196A,1,regress,Exact scalar/matrix/native-stripe/full-macro readback in restricted packet;coefficients/SE available,UNAVAILABLE_FROM_STER_ZEROED_NOT_RECONSTRUCTED,Stored cmdline and file pinned; unique original run not certified,NOT_RELEASE_APPROVED
m15_IEDF_ols,2 Output/cluster/models/m15_IEDF_ols.ster,D0B45373E2791FDA14F19FCC096776E3C7CBE399276D04E928D691064116B643,1,regress,Exact scalar/matrix/native-stripe/full-macro readback in restricted packet;coefficients/SE available,UNAVAILABLE_FROM_STER_ZEROED_NOT_RECONSTRUCTED,Stored cmdline and file pinned; unique original run not certified,NOT_RELEASE_APPROVED
m15_IEH_ols,2 Output/cluster/models/m15_IEH_ols.ster,BED4C0807514023063BEC10379B7184F4CD9CA65603CFFA2F0417930BE94DA41,1,regress,Exact scalar/matrix/native-stripe/full-macro readback in restricted packet;coefficients/SE available,UNAVAILABLE_FROM_STER_ZEROED_NOT_RECONSTRUCTED,Stored cmdline and file pinned; unique original run not certified,NOT_RELEASE_APPROVED
m15_IPCS_ols,2 Output/cluster/models/m15_IPCS_ols.ster,8530EAFCB2A16C928E65D57ECDEFFBD67D2141845633796C5AB8C866DEAB6FB1,1,regress,Exact scalar/matrix/native-stripe/full-macro readback in restricted packet;coefficients/SE available,UNAVAILABLE_FROM_STER_ZEROED_NOT_RECONSTRUCTED,Stored cmdline and file pinned; unique original run not certified,NOT_RELEASE_APPROVED
m15_formal_remittance_logit,2 Output/cluster/models/m15_formal_remittance_logit.ster,E23F59C84BE5A8D61588A10E07BD26792320F422DE67FCEE196F0B3773BE1793,1,logit,Exact scalar/matrix/native-stripe/full-macro readback in restricted packet;coefficients/SE available,UNAVAILABLE_FROM_STER_ZEROED_NOT_RECONSTRUCTED,Stored cmdline and file pinned; unique original run not certified,NOT_RELEASE_APPROVED
m15_ietr_score_01_ols,2 Output/cluster/models/m15_ietr_score_01_ols.ster,6CFD125EC1216ABF5556BA8C1066CACD3D59905F04A227F71E7DCF0858F90E53,1,regress,Exact scalar/matrix/native-stripe/full-macro readback in restricted packet;coefficients/SE available,UNAVAILABLE_FROM_STER_ZEROED_NOT_RECONSTRUCTED,Stored cmdline and file pinned; unique original run not certified,NOT_RELEASE_APPROVED
m15_iuof_score_01_ols,2 Output/cluster/models/m15_iuof_score_01_ols.ster,A89538274A1A6D96128DD7D98CCEF0EBA467102CF00F38079F32C65D24B377A9,1,regress,Exact scalar/matrix/native-stripe/full-macro readback in restricted packet;coefficients/SE available,UNAVAILABLE_FROM_STER_ZEROED_NOT_RECONSTRUCTED,Stored cmdline and file pinned; unique original run not certified,NOT_RELEASE_APPROVED
m15_iurd_score_01_ols,2 Output/cluster/models/m15_iurd_score_01_ols.ster,7ED6B12E7D0CDB0C1F0867A634A347946FD1325B12EA086BF6CC02A39A521C14,1,regress,Exact scalar/matrix/native-stripe/full-macro readback in restricted packet;coefficients/SE available,UNAVAILABLE_FROM_STER_ZEROED_NOT_RECONSTRUCTED,Stored cmdline and file pinned; unique original run not certified,NOT_RELEASE_APPROVED
m15_multinomial_segment_membership,2 Output/cluster/models/m15_multinomial_segment_membership.ster,684C5B23995ABCEFFA6A125985D87C43879FB297269D1490007D34DFE7133CA1,1,mlogit,Exact scalar/matrix/native-stripe/full-macro readback in restricted packet;coefficients/SE available,UNAVAILABLE_FROM_STER_ZEROED_NOT_RECONSTRUCTED,Stored cmdline and file pinned; unique original run not certified,NOT_RELEASE_APPROVED
m15_oqi_score_01_ols,2 Output/cluster/models/m15_oqi_score_01_ols.ster,A4757631F37117FA1C1F49806049C5251979ACB3575D9AEBFFEF259C4E8711BA,1,regress,Exact scalar/matrix/native-stripe/full-macro readback in restricted packet;coefficients/SE available,UNAVAILABLE_FROM_STER_ZEROED_NOT_RECONSTRUCTED,Stored cmdline and file pinned; unique original run not certified,NOT_RELEASE_APPROVED
