child_id,status,evidence,scope_limit
M6.04.18.a,PASS,Committed owner checkpoint and preserved entry manifest,No Git or cloud mutation
M6.04.18.b,PASS,Five activation boundary tests RED to GREEN,Exact sealed original source only
M6.04.18.c,PASS,Exclusive reservation and single fit N368 rank13 converged1,No refit preceding or sibling fit
M6.08.19.a,PASS,593 native records across eleven fields equal all phases,Normalized carrier not raw byte equality
M6.08.19.b,PASS,58 selected display tokens zero discrepancies,46 aligned and12 sibling blank absences
M6.08.19.c,PASS,Each preceding column retains44 rows and two new blanks,No whole shared table reproduction
M6.08.19.d,PASS,Three selections one owned worker closed,Actual returns not machine-wide certificate
M6.08.19.e,GATED,Cumulative suite sole review rulings and compiler,Technical closure requires private validation seal
M6.08.19.f,GATED,Exclusive private seal and separate exact-set readback,Not scientific or release approval
M6.03.19_M6.05.19,NOT_STARTED,Perceived-security held adapter and preflight,No fitting authorized


