metric,value
research_fits,1
explicit_margins,1
refits,0
fit_N,423
fit_rank,14
fit_df,409
native_records,2707
native_fields,11
early_final_equal,true
aggregate_native_csv_exact,true
historical_selected_tokens,53
structural_blank_absences,15
structural_ordinal_differences,1
nonstructural_display_discrepancies,22
historical_display_equal,false
moderation_gap_visual_discrepancy,true
four_below_support_grid_points_retained,4
joint_support_certified,false
scientific_adoption,false
release_authorized,false
acceptance_requires_exclusive_seal_and_separate_proof,true
