source_row,kind,term,historical,replay,replay_row,replay_row_present,historical_label,replay_label,structural_ordinal,comparison_equal
1,header,0,(3),(1),1,True,,,True,True
2,header,1,I3: ICDP x OQI -> IETR,I3: ICDP x OQI -> IETR,2,True,VARIABLES,VARIABLES,False,True
3,separator,1,,,3,True,,,False,True
4,label,2.age_cat,0.010,0.005,4,True,2.age_cat,2.age_cat,False,False
5,se,2.age_cat,(0.015),(0.016),5,True,,,False,False
6,label,3.age_cat,0.018,0.015,6,True,3.age_cat,3.age_cat,False,False
7,se,3.age_cat,(0.017),(0.017),7,True,,,False,True
8,label,4.age_cat,-0.015,-0.004,8,True,4.age_cat,4.age_cat,False,False
9,se,4.age_cat,(0.033),(0.032),9,True,,,False,False
10,label,2.q3,0.060***,0.065***,10,True,2.q3,2.q3,False,False
11,se,2.q3,(0.021),(0.022),11,True,,,False,False
12,label,3.q3,0.050**,0.037,12,True,3.q3,3.q3,False,False
13,se,3.q3,(0.022),(0.023),13,True,,,False,False
14,label,4.q3,0.018,0.028,14,True,4.q3,4.q3,False,False
15,se,4.q3,(0.026),(0.027),15,True,,,False,False
16,label,ivs_score,-0.022,-0.025,22,True,ivs_score,ivs_score,False,False
17,se,ivs_score,(0.048),(0.048),23,True,,,False,True
18,label,iat_score,,,,False,iat_score,,False,True
19,separator,2,,,32,True,,,False,True
20,label,c.ivs_score#c.iat_score,,,,False,c.ivs_score#c.iat_score,,False,True
21,separator,3,,,,False,,,False,True
22,label,icdp_score,-0.094,-0.042,16,True,icdp_score,icdp_score,False,False
23,se,icdp_score,(0.145),(0.138),17,True,,,False,False
24,label,iaff_score,0.034,0.051,24,True,iaff_score,iaff_score,False,False
25,se,iaff_score,(0.032),(0.032),25,True,,,False,True
26,label,oqi_score_01,0.287**,0.378***,18,True,oqi_score_01,oqi_score_01,False,False
27,se,oqi_score_01,(0.145),(0.140),19,True,,,False,False
28,label,IEDF,-0.001*,-0.001*,26,True,IEDF,IEDF,False,True
29,se,IEDF,(0.000),(0.000),27,True,,,False,True
30,label,IEH,0.001***,0.001***,28,True,IEH,IEH,False,True
31,se,IEH,(0.000),(0.000),29,True,,,False,True
32,label,formal_remittance,,,,False,formal_remittance,,False,True
33,separator,4,,,,False,,,False,True
34,label,years_in_col,,,,False,years_in_col,,False,True
35,separator,5,,,,False,,,False,True
36,label,c.years_in_col#c.iaff_score,,,,False,c.years_in_col#c.iaff_score,,False,True
37,separator,6,,,,False,,,False,True
38,label,c.icdp_score#c.oqi_score_01,0.045,-0.023,20,True,c.icdp_score#c.oqi_score_01,c.icdp_score#c.oqi_score_01,False,False
39,se,c.icdp_score#c.oqi_score_01,(0.191),(0.180),21,True,,,False,False
40,label,ICPF,,,,False,ICPF,,False,True
41,separator,7,,,,False,,,False,True
42,label,c.IEDF#c.ICPF,,,,False,c.IEDF#c.ICPF,,False,True
43,separator,8,,,,False,,,False,True
44,label,Constant,0.493***,0.410***,30,True,Constant,Constant,False,False
45,se,Constant,(0.112),(0.114),31,True,,,False,False
46,separator,9,,,,False,,,False,True
47,label,Observations,423,423,33,True,Observations,Observations,False,True
48,label,R-squared,0.238,0.274,34,True,R-squared,R-squared,False,False
49,label,City FE,Yes,Yes,35,True,City FE,City FE,False,True
50,label,Robust SE,Yes,Yes,36,True,Robust SE,Robust SE,False,True
51,label,Estimator,,,,False,Estimator,,False,True
52,label,Robust standard errors in parentheses,,,37,True,Robust standard errors in parentheses,Robust standard errors in parentheses,False,True
53,label,"*** p<0.01, ** p<0.05, * p<0.1",,,38,True,"*** p<0.01, ** p<0.05, * p<0.1","*** p<0.01, ** p<0.05, * p<0.1",False,True
