construct,component,score_mean_root,published_score,raw_fields,source_items,outer_terms,inner_terms,complete_outer_weight,item_weight_rule,first_line,last_line,source,ordered_operations,evidence
IAT,tel_score,iat_score,iat_score,q3_1,q3_1,5,0,1/5,1/n of available outer terms; multi-input joint mapping is not additive per item,1192,1195,1 Code/1 Data Preparation_CFI DPI Migrant Women Colombia.do,gen tel_score = . | replace tel_score = 100 if q3_1 == 1 | replace tel_score = 50  if q3_1 == 2 | replace tel_score = 0   if q3_1 == 3,CURRENT_AUTHORED_SOURCE_NOT_SCIENTIFIC_APPROVAL
IAT,internet_score,iat_score,iat_score,q3_5,q3_5,5,0,1/5,1/n of available outer terms; multi-input joint mapping is not additive per item,1199,1204,1 Code/1 Data Preparation_CFI DPI Migrant Women Colombia.do,gen internet_score = . | replace internet_score = 100 if q3_5 == 1 | replace internet_score = 75  if q3_5 == 2 | replace internet_score = 50  if q3_5 == 3 | replace internet_score = 25  if q3_5 == 4 | replace internet_score = 0   if q3_5 == 5,CURRENT_AUTHORED_SOURCE_NOT_SCIENTIFIC_APPROVAL
IAT,access_score,iat_score,iat_score,q3_6,q3_6,5,0,1/5,1/n of available outer terms; multi-input joint mapping is not additive per item,1208,1211,1 Code/1 Data Preparation_CFI DPI Migrant Women Colombia.do,"gen access_score = . | replace access_score = 100 if q3_6 == 1 | replace access_score = 80  if inlist(q3_6, 2, 5) | replace access_score = 40  if inlist(q3_6, 3, 4, 6)",CURRENT_AUTHORED_SOURCE_NOT_SCIENTIFIC_APPROVAL
IAT,data_stability,iat_score,iat_score,q3_7;q3_8,q3_7;q3_8,5,0,1/5,1/n of available outer terms; multi-input joint mapping is not additive per item,1215,1218,1 Code/1 Data Preparation_CFI DPI Migrant Women Colombia.do,gen data_stability = . | replace data_stability = 100 if q3_7 <= 2 & q3_8 == 3 | replace data_stability = 50  if q3_8 == 2 | replace data_stability = 0   if q3_8 == 1 | q3_7 == 3,CURRENT_AUTHORED_SOURCE_NOT_SCIENTIFIC_APPROVAL
IAT,read_score,iat_score,iat_score,q3_12,q3_12,5,0,1/5,1/n of available outer terms; multi-input joint mapping is not additive per item,1223,1226,1 Code/1 Data Preparation_CFI DPI Migrant Women Colombia.do,gen read_score = . | replace read_score = 100 if q3_12 == 1 | replace read_score = 25  if q3_12 == 2 | replace read_score = 0   if q3_12 == 3,CURRENT_AUTHORED_SOURCE_NOT_SCIENTIFIC_APPROVAL
IVS,antig_norm,ivs_score,ivs_score,q2_1,q2_1,3,0,1/3,1/n of available outer terms; multi-input joint mapping is not additive per item,1057,1138,1 Code/1 Data Preparation_CFI DPI Migrant Women Colombia.do,"gen years_in_col = 2026 - q2_1 if q2_1 < 2026 | recode years_in_col (0/2=1 ""0–2 years"") (3/5=2 ""3–5 years"") (6/10=3 ""6–10 years"") (11/max=4 ""11+ years""), gen(years_cat) | egen max_years = max(years_in_col) | gen antig_norm = (r(max) - years_in_col) / (r(max) - r(min)) | label var antig_norm ""Antigüedad migratoria (1=Recién llegado, 0=Estable)"" | drop max_years",CURRENT_AUTHORED_SOURCE_NOT_SCIENTIFIC_APPROVAL
IVS,educ_norm,ivs_score,ivs_score,q2_2,q2_2,3,0,1/3,1/n of available outer terms; multi-input joint mapping is not additive per item,1141,1151,1 Code/1 Data Preparation_CFI DPI Migrant Women Colombia.do,gen educ_norm = . | replace educ_norm = 1.00 if q2_2 == 1 | replace educ_norm = 0.89 if q2_2 == 2 | replace educ_norm = 0.78 if q2_2 == 3 | replace educ_norm = 0.67 if q2_2 == 4 | replace educ_norm = 0.56 if q2_2 == 5 | replace educ_norm = 0.44 if q2_2 == 6 | replace educ_norm = 0.33 if q2_2 == 7 | replace educ_norm = 0.22 if q2_2 == 8 | replace educ_norm = 0.11 if q2_2 == 9 | replace educ_norm = 0.00 if q2_2 == 10,CURRENT_AUTHORED_SOURCE_NOT_SCIENTIFIC_APPROVAL
IVS,ocup_norm,ivs_score,ivs_score,q2_3,q2_3,3,0,1/3,1/n of available outer terms; multi-input joint mapping is not additive per item,1155,1158,1 Code/1 Data Preparation_CFI DPI Migrant Women Colombia.do,"gen ocup_norm = . | replace ocup_norm = 0   if inlist(q2_3, 1, 3) | replace ocup_norm = 0.5 if inlist(q2_3, 2, 4, 6, 9) | replace ocup_norm = 1   if inlist(q2_3, 5, 7, 8)",CURRENT_AUTHORED_SOURCE_NOT_SCIENTIFIC_APPROVAL
IADT,iadt_appinstall,iadt_score,iadt_score,q3_15,q3_15,3,0,1/3,1/n of available outer terms; multi-input joint mapping is not additive per item,1256,1259,1 Code/1 Data Preparation_CFI DPI Migrant Women Colombia.do,recode q3_15 q3_16 q3_17 (98=.) (99=.) | gen iadt_appinstall = (q3_15 - 1) / 4,CURRENT_AUTHORED_SOURCE_NOT_SCIENTIFIC_APPROVAL
IADT,iadt_sendmoney,iadt_score,iadt_score,q3_16,q3_16,3,0,1/3,1/n of available outer terms; multi-input joint mapping is not additive per item,1256,1262,1 Code/1 Data Preparation_CFI DPI Migrant Women Colombia.do,recode q3_15 q3_16 q3_17 (98=.) (99=.) | gen iadt_sendmoney = (q3_16 - 1) / 4,CURRENT_AUTHORED_SOURCE_NOT_SCIENTIFIC_APPROVAL
IADT,iadt_fraudesafe,iadt_score,iadt_score,q3_17,q3_17,3,0,1/3,1/n of available outer terms; multi-input joint mapping is not additive per item,1256,1265,1 Code/1 Data Preparation_CFI DPI Migrant Women Colombia.do,recode q3_15 q3_16 q3_17 (98=.) (99=.) | gen iadt_fraudesafe = (q3_17 - 1) / 4,CURRENT_AUTHORED_SOURCE_NOT_SCIENTIFIC_APPROVAL
ICDP,icdp_qr,icdp_score,icdp_score,q3_20,q3_20,4,0,1/4,1/n of available outer terms; multi-input joint mapping is not additive per item,1297,1300,1 Code/1 Data Preparation_CFI DPI Migrant Women Colombia.do,"gen icdp_qr = . | replace icdp_qr = 100 if q3_20 == 3 | replace icdp_qr = 75  if inlist(q3_20,1,2) | replace icdp_qr = 0   if q3_20 == 4",CURRENT_AUTHORED_SOURCE_NOT_SCIENTIFIC_APPROVAL
ICDP,icdp_sms,icdp_score,icdp_score,q3_21,q3_21,4,0,1/4,1/n of available outer terms; multi-input joint mapping is not additive per item,1304,1308,1 Code/1 Data Preparation_CFI DPI Migrant Women Colombia.do,gen icdp_sms = . | replace icdp_sms = 100 if q3_21 == 1 | replace icdp_sms = 50  if q3_21 == 2 | replace icdp_sms = 25  if q3_21 == 3 | replace icdp_sms = 0   if q3_21 == 4,CURRENT_AUTHORED_SOURCE_NOT_SCIENTIFIC_APPROVAL
ICDP,icdp_pin,icdp_score,icdp_score,q3_22,q3_22,4,0,1/4,1/n of available outer terms; multi-input joint mapping is not additive per item,1312,1314,1 Code/1 Data Preparation_CFI DPI Migrant Women Colombia.do,"gen icdp_pin = . | replace icdp_pin = 100 if q3_22 == 1 | replace icdp_pin = 0   if inlist(q3_22,2,3)",CURRENT_AUTHORED_SOURCE_NOT_SCIENTIFIC_APPROVAL
ICDP,icdp_fraud,icdp_score,icdp_score,q3_23,q3_23,4,0,1/4,1/n of available outer terms; multi-input joint mapping is not additive per item,1318,1322,1 Code/1 Data Preparation_CFI DPI Migrant Women Colombia.do,"gen icdp_fraud = . | replace icdp_fraud = 100 if q3_23 == 2 | replace icdp_fraud = 75  if q3_23 == 1 | replace icdp_fraud = 25  if q3_23 == 3 | replace icdp_fraud = 0   if inlist(q3_23,4,5)",CURRENT_AUTHORED_SOURCE_NOT_SCIENTIFIC_APPROVAL
IAFF,iaff_doc,iaff_score,iaff_score,q4_1_1;q4_1_2;q4_1_3;q4_1_4,q4_1,4,0,1/4,1/n of available outer terms; multi-input joint mapping is not additive per item,1356,1361,1 Code/1 Data Preparation_CFI DPI Migrant Women Colombia.do,gen iaff_doc = 0 | replace iaff_doc = 100 if q4_1_1 == 1 | q4_1_2 == 1 | q4_1_3 == 1 | q4_1_4 == 1,CURRENT_AUTHORED_SOURCE_NOT_SCIENTIFIC_APPROVAL
IAFF,iaff_address,iaff_score,iaff_score,q4_5,q4_5,4,0,1/4,1/n of available outer terms; multi-input joint mapping is not additive per item,1366,1369,1 Code/1 Data Preparation_CFI DPI Migrant Women Colombia.do,gen iaff_address = . | replace iaff_address = 100 if q4_5 == 1 | replace iaff_address = 50  if q4_5 == 3 | replace iaff_address = 0   if q4_5 == 2 | q4_5 == 4,CURRENT_AUTHORED_SOURCE_NOT_SCIENTIFIC_APPROVAL
IAFF,iaff_phone,iaff_score,iaff_score,q4_6,q4_6,4,0,1/4,1/n of available outer terms; multi-input joint mapping is not additive per item,1373,1376,1 Code/1 Data Preparation_CFI DPI Migrant Women Colombia.do,"gen iaff_phone = . | replace iaff_phone = 100 if q4_6 == 1 | replace iaff_phone = 0  if q4_6 == 3 | replace iaff_phone = 0   if inlist(q4_6,2,4)",CURRENT_AUTHORED_SOURCE_NOT_SCIENTIFIC_APPROVAL
IAFF,iaff_account,iaff_score,iaff_score,q4_12_1;q4_12_2;q4_12_3;q4_12_4,q4_12,4,0,1/4,1/n of available outer terms; multi-input joint mapping is not additive per item,1380,1385,1 Code/1 Data Preparation_CFI DPI Migrant Women Colombia.do,gen iaff_account = 0 | replace iaff_account = 100 if q4_12_1 == 1 | q4_12_2 == 1 | q4_12_3 == 1 | q4_12_4 == 1,CURRENT_AUTHORED_SOURCE_NOT_SCIENTIFIC_APPROVAL
IUOF,iuof_freq,iuof_score,iuof_score_01,q4_15,q4_15,7,0,1/7,1/n of available outer terms; multi-input joint mapping is not additive per item,1419,1424,1 Code/1 Data Preparation_CFI DPI Migrant Women Colombia.do,gen iuof_freq = . | replace iuof_freq = 100 if q4_15==1 | replace iuof_freq = 80  if q4_15==2 | replace iuof_freq = 60  if q4_15==3 | replace iuof_freq = 40  if q4_15==4 | replace iuof_freq = 0   if q4_15==5,CURRENT_AUTHORED_SOURCE_NOT_SCIENTIFIC_APPROVAL
IUOF,iuof_cash,iuof_score,iuof_score_01,q4_16,q4_16,7,0,1/7,1/n of available outer terms; multi-input joint mapping is not additive per item,1428,1432,1 Code/1 Data Preparation_CFI DPI Migrant Women Colombia.do,gen iuof_cash = . | replace iuof_cash = 100 if q4_16==1 | replace iuof_cash = 70  if q4_16==2 | replace iuof_cash = 30  if q4_16==3 | replace iuof_cash = 0   if q4_16==4 | q4_16==99,CURRENT_AUTHORED_SOURCE_NOT_SCIENTIFIC_APPROVAL
IUOF,iuof_time,iuof_score,iuof_score_01,q4_17,q4_17,7,0,1/7,1/n of available outer terms; multi-input joint mapping is not additive per item,1436,1440,1 Code/1 Data Preparation_CFI DPI Migrant Women Colombia.do,gen iuof_time = . | replace iuof_time = 100 if q4_17==1 | replace iuof_time = 75  if q4_17==2 | replace iuof_time = 40  if q4_17==3 | replace iuof_time = 0   if q4_17==4 | q4_17==99,CURRENT_AUTHORED_SOURCE_NOT_SCIENTIFIC_APPROVAL
IUOF,iuof_pay,iuof_score,iuof_score_01,q4_24,q4_24,7,0,1/7,1/n of available outer terms; multi-input joint mapping is not additive per item,1444,1447,1 Code/1 Data Preparation_CFI DPI Migrant Women Colombia.do,gen iuof_pay = . | replace iuof_pay = 100 if q4_24==1 | replace iuof_pay = 50  if q4_24==2 | replace iuof_pay = 0   if q4_24==3 | q4_24==99,CURRENT_AUTHORED_SOURCE_NOT_SCIENTIFIC_APPROVAL
IUOF,iuof_save,iuof_score,iuof_score_01,q4_25,q4_25,7,0,1/7,1/n of available outer terms; multi-input joint mapping is not additive per item,1451,1454,1 Code/1 Data Preparation_CFI DPI Migrant Women Colombia.do,gen iuof_save = . | replace iuof_save = 100 if q4_25==1 | replace iuof_save = 50  if q4_25==2 | replace iuof_save = 0   if q4_25==3 | q4_25==99,CURRENT_AUTHORED_SOURCE_NOT_SCIENTIFIC_APPROVAL
IUOF,iuof_notify,iuof_score,iuof_score_01,q4_26,q4_26,7,0,1/7,1/n of available outer terms; multi-input joint mapping is not additive per item,1458,1461,1 Code/1 Data Preparation_CFI DPI Migrant Women Colombia.do,gen iuof_notify = . | replace iuof_notify = 100 if q4_26==1 | replace iuof_notify = 50  if q4_26==2 | replace iuof_notify = 0   if q4_26==3 | q4_26==99,CURRENT_AUTHORED_SOURCE_NOT_SCIENTIFIC_APPROVAL
IUOF,iuof_risk,iuof_score,iuof_score_01,q4_27,q4_27,7,0,1/7,1/n of available outer terms; multi-input joint mapping is not additive per item,1465,1467,1 Code/1 Data Preparation_CFI DPI Migrant Women Colombia.do,gen iuof_risk = . | replace iuof_risk = 0   if q4_27==1 | replace iuof_risk = 100 if q4_27==0 | q4_27==98,CURRENT_AUTHORED_SOURCE_NOT_SCIENTIFIC_APPROVAL
OQI,oqi_easy,oqi_score,oqi_score_01,q5_14,q5_14,9,0,1/9,1/n of available outer terms; multi-input joint mapping is not additive per item,1527,1531,1 Code/1 Data Preparation_CFI DPI Migrant Women Colombia.do,gen oqi_easy = . | replace oqi_easy = 100 if q5_14==1 | replace oqi_easy = 75  if q5_14==2 | replace oqi_easy = 25  if q5_14==3 | replace oqi_easy = 0   if q5_14==4 | q5_14==98,CURRENT_AUTHORED_SOURCE_NOT_SCIENTIFIC_APPROVAL
OQI,oqi_time,oqi_score,oqi_score_01,q5_15,q5_15,9,0,1/9,1/n of available outer terms; multi-input joint mapping is not additive per item,1535,1540,1 Code/1 Data Preparation_CFI DPI Migrant Women Colombia.do,gen oqi_time = . | replace oqi_time = 100 if q5_15==1 | replace oqi_time = 80  if q5_15==2 | replace oqi_time = 60  if q5_15==3 | replace oqi_time = 30  if q5_15==4 | replace oqi_time = 0   if q5_15==5 | q5_15==98,CURRENT_AUTHORED_SOURCE_NOT_SCIENTIFIC_APPROVAL
OQI,oqi_help,oqi_score,oqi_score_01,q5_16,q5_16,9,0,1/9,1/n of available outer terms; multi-input joint mapping is not additive per item,1544,1546,1 Code/1 Data Preparation_CFI DPI Migrant Women Colombia.do,gen oqi_help = . | replace oqi_help = 100 if q5_16==0 | replace oqi_help = 0   if q5_16==1 | q5_16==98,CURRENT_AUTHORED_SOURCE_NOT_SCIENTIFIC_APPROVAL
OQI,oqi_kyc,oqi_score,oqi_score_01,q5_13_1;q5_13_2;q5_13_3;q5_13_4;q5_13_5;q5_13_6,q5_13,9,0,1/9,1/n of available outer terms; multi-input joint mapping is not additive per item,1518,1523,1 Code/1 Data Preparation_CFI DPI Migrant Women Colombia.do,egen kyc_count = rowtotal(q5_13_1 q5_13_2 q5_13_3 q5_13_4 q5_13_5 q5_13_6) | gen oqi_kyc = . | replace oqi_kyc = 100 if kyc_count<=2 | replace oqi_kyc = 70  if kyc_count==3 | replace oqi_kyc = 40  if kyc_count==4 | replace oqi_kyc = 0   if kyc_count>=5,CURRENT_AUTHORED_SOURCE_NOT_SCIENTIFIC_APPROVAL
OQI,oqi_cost,oqi_score,oqi_score_01,q5_7,q5_7,9,0,1/9,1/n of available outer terms; multi-input joint mapping is not additive per item,1556,1560,1 Code/1 Data Preparation_CFI DPI Migrant Women Colombia.do,gen oqi_cost = . | replace oqi_cost = 100 if q5_7==1 | replace oqi_cost = 70  if q5_7==2 | replace oqi_cost = 30  if q5_7==3 | replace oqi_cost = 0   if q5_7==4 | q5_7==98,CURRENT_AUTHORED_SOURCE_NOT_SCIENTIFIC_APPROVAL
OQI,oqi_confirm,oqi_score,oqi_score_01,q5_5,q5_5,9,0,1/9,1/n of available outer terms; multi-input joint mapping is not additive per item,1550,1552,1 Code/1 Data Preparation_CFI DPI Migrant Women Colombia.do,"gen oqi_confirm = . | replace oqi_confirm = 100 if inlist(q5_5,1,2,3) | replace oqi_confirm = 0   if q5_5==4 | q5_5==98",CURRENT_AUTHORED_SOURCE_NOT_SCIENTIFIC_APPROVAL
OQI,oqi_fail,oqi_score,oqi_score_01,q5_9,q5_9,9,0,1/9,1/n of available outer terms; multi-input joint mapping is not additive per item,1564,1567,1 Code/1 Data Preparation_CFI DPI Migrant Women Colombia.do,gen oqi_fail = . | replace oqi_fail = 100 if q5_9==3 | replace oqi_fail = 50  if q5_9==1 | replace oqi_fail = 0   if q5_9==2 | q5_9 ==98,CURRENT_AUTHORED_SOURCE_NOT_SCIENTIFIC_APPROVAL
OQI,oqi_terms,oqi_score,oqi_score_01,q5_21;q5_22,q5_21;q5_22,9,0,1/9,1/n of available outer terms; multi-input joint mapping is not additive per item,1571,1574,1 Code/1 Data Preparation_CFI DPI Migrant Women Colombia.do,"gen oqi_terms = . | replace oqi_terms = 100 if q5_21==1 & q5_22==1 | replace oqi_terms = 50  if inlist(q5_21,2) & inlist(q5_22,2) | replace oqi_terms = 0   if q5_21==3 | q5_22==3 | q5_21==98 | q5_22==98",CURRENT_AUTHORED_SOURCE_NOT_SCIENTIFIC_APPROVAL
OQI,oqi_support,oqi_score,oqi_score_01,q5_23,q5_23,9,0,1/9,1/n of available outer terms; multi-input joint mapping is not additive per item,1578,1581,1 Code/1 Data Preparation_CFI DPI Migrant Women Colombia.do,gen oqi_support = . | replace oqi_support = 100 if q5_23==1 | replace oqi_support = 50  if q5_23==2 | replace oqi_support = 0   if q5_23==3 | q5_23==98,CURRENT_AUTHORED_SOURCE_NOT_SCIENTIFIC_APPROVAL
IURD,iurd_freq,iurd_score,iurd_score_01,q6_2,q6_2,5,0,1/5,1/n of available outer terms; multi-input joint mapping is not additive per item,1627,1631,1 Code/1 Data Preparation_CFI DPI Migrant Women Colombia.do,gen iurd_freq = . | replace iurd_freq = 100 if q6_2==1 | replace iurd_freq = 75  if q6_2==2 | replace iurd_freq = 25  if q6_2==3 | replace iurd_freq = 0   if q6_2==4,CURRENT_AUTHORED_SOURCE_NOT_SCIENTIFIC_APPROVAL
IURD,iurd_recent,iurd_score,iurd_score_01,q6_14,q6_14,5,0,1/5,1/n of available outer terms; multi-input joint mapping is not additive per item,1641,1643,1 Code/1 Data Preparation_CFI DPI Migrant Women Colombia.do,gen iurd_recent = . | replace iurd_recent = 100 if q6_14==1 | replace iurd_recent = 0   if q6_14==0,CURRENT_AUTHORED_SOURCE_NOT_SCIENTIFIC_APPROVAL
IURD,iurd_ops,iurd_score,iurd_score_01,q6_15,q6_15,5,0,1/5,1/n of available outer terms; multi-input joint mapping is not additive per item,1648,1653,1 Code/1 Data Preparation_CFI DPI Migrant Women Colombia.do,gen iurd_ops = . | replace iurd_ops = 20  if q6_15==1 | replace iurd_ops = 40  if q6_15==2 | replace iurd_ops = 60  if q6_15==3 | replace iurd_ops = 80  if q6_15==4 | replace iurd_ops = 100 if q6_15==5,CURRENT_AUTHORED_SOURCE_NOT_SCIENTIFIC_APPROVAL
IURD,iurd_digital,iurd_score,iurd_score_01,q6_13,q6_13,5,0,1/5,1/n of available outer terms; multi-input joint mapping is not additive per item,1635,1637,1 Code/1 Data Preparation_CFI DPI Migrant Women Colombia.do,"gen iurd_digital = . | replace iurd_digital = 0   if q6_13==1 | replace iurd_digital = 100  if inlist(q6_13,2,3,4,5)",CURRENT_AUTHORED_SOURCE_NOT_SCIENTIFIC_APPROVAL
IURD,iurd_canal,iurd_score,iurd_score_01,q6_4,q6_4,5,0,1/5,1/n of available outer terms; multi-input joint mapping is not additive per item,1657,1659,1 Code/1 Data Preparation_CFI DPI Migrant Women Colombia.do,"gen iurd_canal = . | replace iurd_canal = 100 if inlist(q6_4, 1, 2) | replace iurd_canal = 0   if inlist(q6_4, 3, 4, 5)",CURRENT_AUTHORED_SOURCE_NOT_SCIENTIFIC_APPROVAL
IETR,ietr_time,ietr_score,ietr_score_01,q6_6,q6_6,9,0,1/9,1/n of available outer terms; multi-input joint mapping is not additive per item,1684,1689,1 Code/1 Data Preparation_CFI DPI Migrant Women Colombia.do,gen ietr_time = . | replace ietr_time = 100 if q6_6==1 | replace ietr_time = 80  if q6_6==2 | replace ietr_time = 60  if q6_6==3 | replace ietr_time = 30  if q6_6==4 | replace ietr_time = 0   if q6_6==5,CURRENT_AUTHORED_SOURCE_NOT_SCIENTIFIC_APPROVAL
IETR,ietr_cost,ietr_score,ietr_score_01,q6_18;q6_9,q6_18;q6_9,9,2,1/9,1/(n*k): nested available inner k; outer n,1693,1703,1 Code/1 Data Preparation_CFI DPI Migrant Women Colombia.do,gen ietr_cost_fee = . | replace ietr_cost_fee = 100 if q6_9==1 | q6_9==99 | replace ietr_cost_fee = 50  if q6_9==2 | replace ietr_cost_fee = 0   if q6_9==3 | q6_9==4 | gen ietr_cost_fx = . | replace ietr_cost_fx = 100 if q6_18==1 | replace ietr_cost_fx = 50  if q6_18==2 | replace ietr_cost_fx = 0   if q6_18==3 | q6_18==4 | egen ietr_cost = rowmean(ietr_cost_fee ietr_cost_fx),CURRENT_AUTHORED_SOURCE_NOT_SCIENTIFIC_APPROVAL
IETR,ietr_confirm,ietr_score,ietr_score_01,q6_11;q6_20,q6_11;q6_20,9,2,1/9,1/(n*k): nested available inner k; outer n,1708,1717,1 Code/1 Data Preparation_CFI DPI Migrant Women Colombia.do,gen ietr_conf_rem = . | replace ietr_conf_rem = 100 if q6_11>=1 & q6_11<5 | replace ietr_conf_rem = 0   if q6_11==6 | q6_11 == 5 | gen ietr_conf_pay = . | replace ietr_conf_pay = 100 if q6_20==1 | replace ietr_conf_pay = 50  if q6_20==2 | replace ietr_conf_pay = 0   if q6_20==3 | egen ietr_confirm = rowmean(ietr_conf_rem ietr_conf_pay),CURRENT_AUTHORED_SOURCE_NOT_SCIENTIFIC_APPROVAL
IETR,ietr_problem,ietr_score,ietr_score_01,q6_16,q6_16,9,0,1/9,1/n of available outer terms; multi-input joint mapping is not additive per item,1722,1726,1 Code/1 Data Preparation_CFI DPI Migrant Women Colombia.do,gen ietr_problem = . | replace ietr_problem = 100 if q6_16==4 | replace ietr_problem = 75  if q6_16==1 | replace ietr_problem = 25  if q6_16==2 | replace ietr_problem = 0   if q6_16==3,CURRENT_AUTHORED_SOURCE_NOT_SCIENTIFIC_APPROVAL
IETR,ietr_limits,ietr_score,ietr_score_01,q6_17,q6_17,9,0,1/9,1/n of available outer terms; multi-input joint mapping is not additive per item,1730,1732,1 Code/1 Data Preparation_CFI DPI Migrant Women Colombia.do,"gen ietr_limits = . | replace ietr_limits = 100 if q6_17==4 | replace ietr_limits = 0   if inlist(q6_17,1,2,3)",CURRENT_AUTHORED_SOURCE_NOT_SCIENTIFIC_APPROVAL
IETR,ietr_speed,ietr_score,ietr_score_01,q6_21,q6_21,9,0,1/9,1/n of available outer terms; multi-input joint mapping is not additive per item,1736,1741,1 Code/1 Data Preparation_CFI DPI Migrant Women Colombia.do,gen ietr_speed = . | replace ietr_speed = 100 if q6_21==1 | replace ietr_speed = 80  if q6_21==2 | replace ietr_speed = 60  if q6_21==3 | replace ietr_speed = 30  if q6_21==4 | replace ietr_speed = 0   if q6_21==5,CURRENT_AUTHORED_SOURCE_NOT_SCIENTIFIC_APPROVAL
IETR,ietr_surcharge,ietr_score,ietr_score_01,q6_22,q6_22,9,0,1/9,1/n of available outer terms; multi-input joint mapping is not additive per item,1745,1747,1 Code/1 Data Preparation_CFI DPI Migrant Women Colombia.do,gen ietr_surcharge = . | replace ietr_surcharge = 0   if q6_22==1 | replace ietr_surcharge = 100 if q6_22==2 | q6_22==3,CURRENT_AUTHORED_SOURCE_NOT_SCIENTIFIC_APPROVAL
IETR,ietr_clarity,ietr_score,ietr_score_01,q6_23,q6_23,9,0,1/9,1/n of available outer terms; multi-input joint mapping is not additive per item,1752,1755,1 Code/1 Data Preparation_CFI DPI Migrant Women Colombia.do,gen ietr_clarity = . | replace ietr_clarity = 100 if q6_23==1 | replace ietr_clarity = 50  if q6_23==2 | replace ietr_clarity = 0   if q6_23==3 | q6_23==4,CURRENT_AUTHORED_SOURCE_NOT_SCIENTIFIC_APPROVAL
IETR,ietr_eval,ietr_score,ietr_score_01,q6_24,q6_24,9,0,1/9,1/n of available outer terms; multi-input joint mapping is not additive per item,1759,1764,1 Code/1 Data Preparation_CFI DPI Migrant Women Colombia.do,gen ietr_eval = . | replace ietr_eval = 0   if q6_24==1 | replace ietr_eval = 25  if q6_24==2 | replace ietr_eval = 50  if q6_24==3 | replace ietr_eval = 75  if q6_24==4 | replace ietr_eval = 100 if q6_24==5,CURRENT_AUTHORED_SOURCE_NOT_SCIENTIFIC_APPROVAL
IPCS,e1_reaccion_segura,IPCS_raw,IPCS,q7_2,q7_2,6,0,1/6,1/n of available outer terms; multi-input joint mapping is not additive per item,1798,1800,1 Code/1 Data Preparation_CFI DPI Migrant Women Colombia.do,"gen e1_reaccion_segura = . | replace e1_reaccion_segura = 1 if inlist(q7_2,1,2,3) | replace e1_reaccion_segura = 0 if inlist(q7_2,4,5)",CURRENT_AUTHORED_SOURCE_NOT_SCIENTIFIC_APPROVAL
IPCS,e1_autenticacion,IPCS_raw,IPCS,q7_6,q7_6,6,0,1/6,1/n of available outer terms; multi-input joint mapping is not additive per item,1804,1806,1 Code/1 Data Preparation_CFI DPI Migrant Women Colombia.do,"gen e1_autenticacion = . | replace e1_autenticacion = 1 if inlist(q7_6,1,2) | replace e1_autenticacion = 0 if q7_6==3 | q7_6==98",CURRENT_AUTHORED_SOURCE_NOT_SCIENTIFIC_APPROVAL
IPCS,e1_habitos_claves,IPCS_raw,IPCS,q7_7,q7_7,6,0,1/6,1/n of available outer terms; multi-input joint mapping is not additive per item,1810,1812,1 Code/1 Data Preparation_CFI DPI Migrant Women Colombia.do,"gen e1_habitos_claves = . | replace e1_habitos_claves = 1 if inlist(q7_7,1,2) | replace e1_habitos_claves = 0 if inlist(q7_7,3,4)",CURRENT_AUTHORED_SOURCE_NOT_SCIENTIFIC_APPROVAL
IPCS,e1_educacion,IPCS_raw,IPCS,q7_8,q7_8,6,0,1/6,1/n of available outer terms; multi-input joint mapping is not additive per item,1816,1818,1 Code/1 Data Preparation_CFI DPI Migrant Women Colombia.do,"gen e1_educacion = . | replace e1_educacion = 1 if q7_8==1 | replace e1_educacion = 0 if inlist(q7_8,2,3,98)",CURRENT_AUTHORED_SOURCE_NOT_SCIENTIFIC_APPROVAL
IPCS,e1_seguridad_percibida,IPCS_raw,IPCS,q7_9,q7_9,6,0,1/6,1/n of available outer terms; multi-input joint mapping is not additive per item,1822,1824,1 Code/1 Data Preparation_CFI DPI Migrant Women Colombia.do,"gen e1_seguridad_percibida = . | replace e1_seguridad_percibida = 1 if inlist(q7_9,1,2) | replace e1_seguridad_percibida = 0 if inlist(q7_9,3,4)",CURRENT_AUTHORED_SOURCE_NOT_SCIENTIFIC_APPROVAL
IPCS,e1_valora_prevencion,IPCS_raw,IPCS,q7_10,q7_10,6,0,1/6,1/n of available outer terms; multi-input joint mapping is not additive per item,1828,1830,1 Code/1 Data Preparation_CFI DPI Migrant Women Colombia.do,"gen e1_valora_prevencion = . | replace e1_valora_prevencion = 1 if inlist(q7_10,1,2,3,4,5) | replace e1_valora_prevencion = 0 if inlist(q7_10,6,7)",CURRENT_AUTHORED_SOURCE_NOT_SCIENTIFIC_APPROVAL
IEDF,e2_exposicion,IEDF_raw,IEDF,q7_1,q7_1,6,0,1/6,1/n of available outer terms; multi-input joint mapping is not additive per item,1855,1857,1 Code/1 Data Preparation_CFI DPI Migrant Women Colombia.do,"gen e2_exposicion = . | replace e2_exposicion = 1 if inlist(q7_1,1,2) | replace e2_exposicion = 0 if q7_1==3 | q7_1==98",CURRENT_AUTHORED_SOURCE_NOT_SCIENTIFIC_APPROVAL
IEDF,e2_bloqueo,IEDF_raw,IEDF,q7_5,q7_5,6,0,1/6,1/n of available outer terms; multi-input joint mapping is not additive per item,1861,1863,1 Code/1 Data Preparation_CFI DPI Migrant Women Colombia.do,"gen e2_bloqueo = . | replace e2_bloqueo = 1 if inlist(q7_5,1,2,3) | replace e2_bloqueo = 0 if q7_5==4 | q7_5==98",CURRENT_AUTHORED_SOURCE_NOT_SCIENTIFIC_APPROVAL
IEDF,e2_problema,IEDF_raw,IEDF,q7_11,q7_11,6,0,1/6,1/n of available outer terms; multi-input joint mapping is not additive per item,1867,1869,1 Code/1 Data Preparation_CFI DPI Migrant Women Colombia.do,"gen e2_problema = . | replace e2_problema = 1 if q7_11==1 | replace e2_problema = 0 if inlist(q7_11,2,98)",CURRENT_AUTHORED_SOURCE_NOT_SCIENTIFIC_APPROVAL
IEDF,e2_demora,IEDF_raw,IEDF,q7_13,q7_13,6,0,1/6,1/n of available outer terms; multi-input joint mapping is not additive per item,1873,1875,1 Code/1 Data Preparation_CFI DPI Migrant Women Colombia.do,"gen e2_demora = . | replace e2_demora = 1 if inlist(q7_13,3,4,5) | replace e2_demora = 0 if inlist(q7_13,1,2)",CURRENT_AUTHORED_SOURCE_NOT_SCIENTIFIC_APPROVAL
IEDF,e2_no_resuelto,IEDF_raw,IEDF,q7_14,q7_14,6,0,1/6,1/n of available outer terms; multi-input joint mapping is not additive per item,1879,1881,1 Code/1 Data Preparation_CFI DPI Migrant Women Colombia.do,"gen e2_no_resuelto = . | replace e2_no_resuelto = 1 if inlist(q7_14,2,3) | replace e2_no_resuelto = 0 if q7_14==1",CURRENT_AUTHORED_SOURCE_NOT_SCIENTIFIC_APPROVAL
IEDF,e2_insatisfaccion,IEDF_raw,IEDF,q7_15,q7_15,6,0,1/6,1/n of available outer terms; multi-input joint mapping is not additive per item,1885,1887,1 Code/1 Data Preparation_CFI DPI Migrant Women Colombia.do,"gen e2_insatisfaccion = . | replace e2_insatisfaccion = 1 if inlist(q7_15,1,2) | replace e2_insatisfaccion = 0 if inlist(q7_15,3,4)",CURRENT_AUTHORED_SOURCE_NOT_SCIENTIFIC_APPROVAL
IAER,f1_decide_remesa,IAER_raw,IAER,q9_4,q9_4,12,0,1/12,1/n of available outer terms; multi-input joint mapping is not additive per item,1921,1923,1 Code/1 Data Preparation_CFI DPI Migrant Women Colombia.do,"gen f1_decide_remesa = . | replace f1_decide_remesa = 1 if inlist(q9_4,4,5) | replace f1_decide_remesa = 0 if inlist(q9_4,1,2,3)",CURRENT_AUTHORED_SOURCE_NOT_SCIENTIFIC_APPROVAL
IAER,f1_administra,IAER_raw,IAER,q9_5,q9_5,12,0,1/12,1/n of available outer terms; multi-input joint mapping is not additive per item,1927,1929,1 Code/1 Data Preparation_CFI DPI Migrant Women Colombia.do,"gen f1_administra = . | replace f1_administra = 1 if inlist(q9_5,1,3) | replace f1_administra = 0 if inlist(q9_5,2,4,5,98)",CURRENT_AUTHORED_SOURCE_NOT_SCIENTIFIC_APPROVAL
IAER,f1_ahorro_negocio,IAER_raw,IAER,q9_6,q9_6,12,0,1/12,1/n of available outer terms; multi-input joint mapping is not additive per item,1933,1935,1 Code/1 Data Preparation_CFI DPI Migrant Women Colombia.do,"gen f1_ahorro_negocio = . | replace f1_ahorro_negocio = 1 if inlist(q9_6,1,2) | replace f1_ahorro_negocio = 0 if q9_6==3 |q9_6==98",CURRENT_AUTHORED_SOURCE_NOT_SCIENTIFIC_APPROVAL
IAER,f1_control,IAER_raw,IAER,q9_7,q9_7,12,0,1/12,1/n of available outer terms; multi-input joint mapping is not additive per item,1939,1941,1 Code/1 Data Preparation_CFI DPI Migrant Women Colombia.do,"gen f1_control = . | replace f1_control = 1 if inlist(q9_7,4,5) | replace f1_control = 0 if inlist(q9_7,1,2,3)",CURRENT_AUTHORED_SOURCE_NOT_SCIENTIFIC_APPROVAL
IAER,f1_cuenta_propia,IAER_raw,IAER,q9_9,q9_9,12,0,1/12,1/n of available outer terms; multi-input joint mapping is not additive per item,1945,1947,1 Code/1 Data Preparation_CFI DPI Migrant Women Colombia.do,"gen f1_cuenta_propia = . | replace f1_cuenta_propia = 1 if q9_9==1 |q9_9==2 | replace f1_cuenta_propia = 0 if inlist(q9_9,3,4,98)",CURRENT_AUTHORED_SOURCE_NOT_SCIENTIFIC_APPROVAL
IAER,f1_salud,IAER_raw,IAER,q9_11,q9_11,12,0,1/12,1/n of available outer terms; multi-input joint mapping is not additive per item,1951,1953,1 Code/1 Data Preparation_CFI DPI Migrant Women Colombia.do,"gen f1_salud = . | replace f1_salud = 1 if inlist(q9_11,1,2) | replace f1_salud = 0 if inlist(q9_11,3,4,98)",CURRENT_AUTHORED_SOURCE_NOT_SCIENTIFIC_APPROVAL
IAER,f1_gastos,IAER_raw,IAER,q9_13,q9_13,12,0,1/12,1/n of available outer terms; multi-input joint mapping is not additive per item,1957,1959,1 Code/1 Data Preparation_CFI DPI Migrant Women Colombia.do,"gen f1_gastos = . | replace f1_gastos = 1 if inlist(q9_13,1,2) | replace f1_gastos = 0 if inlist(q9_13,3,4,98)",CURRENT_AUTHORED_SOURCE_NOT_SCIENTIFIC_APPROVAL
IAER,f1_opinion,IAER_raw,IAER,q9_18,q9_18,12,0,1/12,1/n of available outer terms; multi-input joint mapping is not additive per item,1963,1965,1 Code/1 Data Preparation_CFI DPI Migrant Women Colombia.do,"gen f1_opinion = . | replace f1_opinion = 1 if inlist(q9_18,4,5) | replace f1_opinion = 0 if inlist(q9_18,1,2,3)",CURRENT_AUTHORED_SOURCE_NOT_SCIENTIFIC_APPROVAL
IAER,f1_cambiar_cuenta,IAER_raw,IAER,q9_19,q9_19,12,0,1/12,1/n of available outer terms; multi-input joint mapping is not additive per item,1969,1971,1 Code/1 Data Preparation_CFI DPI Migrant Women Colombia.do,"gen f1_cambiar_cuenta = . | replace f1_cambiar_cuenta = 1 if inlist(q9_19,1,2) | replace f1_cambiar_cuenta = 0 if q9_19==3 | q9_19==98",CURRENT_AUTHORED_SOURCE_NOT_SCIENTIFIC_APPROVAL
IAER,f1_no_evito,IAER_raw,IAER,q9_20,q9_20,12,0,1/12,1/n of available outer terms; multi-input joint mapping is not additive per item,1975,1977,1 Code/1 Data Preparation_CFI DPI Migrant Women Colombia.do,gen f1_no_evito = . | replace f1_no_evito = 1 if q9_20==0 | replace f1_no_evito = 0 if q9_20==1 |q9_20==98,CURRENT_AUTHORED_SOURCE_NOT_SCIENTIFIC_APPROVAL
IAER,f1_sin_coercion1,IAER_raw,IAER,q9_8,q9_8,12,0,1/12,1/n of available outer terms; multi-input joint mapping is not additive per item,1983,1985,1 Code/1 Data Preparation_CFI DPI Migrant Women Colombia.do,"gen f1_sin_coercion1 = . | replace f1_sin_coercion1 = 0 if q9_8 == 1 | replace f1_sin_coercion1 = 1 if inlist(q9_8, 0, 98)",CURRENT_AUTHORED_SOURCE_NOT_SCIENTIFIC_APPROVAL
IAER,f1_sin_coercion2,IAER_raw,IAER,q9_16,q9_16,12,0,1/12,1/n of available outer terms; multi-input joint mapping is not additive per item,1989,1991,1 Code/1 Data Preparation_CFI DPI Migrant Women Colombia.do,"gen f1_sin_coercion2 = . | replace f1_sin_coercion2 = 0 if q9_16 == 1 | replace f1_sin_coercion2 = 1 if inlist(q9_16, 0, 98)",CURRENT_AUTHORED_SOURCE_NOT_SCIENTIFIC_APPROVAL
ICPF,f2_confianza,ICPF_raw,ICPF,q9_1,q9_1,5,0,1/5,1/n of available outer terms; multi-input joint mapping is not additive per item,2018,2020,1 Code/1 Data Preparation_CFI DPI Migrant Women Colombia.do,"gen f2_confianza = . | replace f2_confianza = 1 if inlist(q9_1,4,5) | replace f2_confianza = 0 if inlist(q9_1,1,2,3)",CURRENT_AUTHORED_SOURCE_NOT_SCIENTIFIC_APPROVAL
ICPF,f2_normas,ICPF_raw,ICPF,q9_15,q9_15,5,0,1/5,1/n of available outer terms; multi-input joint mapping is not additive per item,2024,2026,1 Code/1 Data Preparation_CFI DPI Migrant Women Colombia.do,"gen f2_normas = . | replace f2_normas = 1 if inlist(q9_15,4,5) | replace f2_normas = 0 if inlist(q9_15,1,2,3)",CURRENT_AUTHORED_SOURCE_NOT_SCIENTIFIC_APPROVAL
ICPF,f2_comunidad,ICPF_raw,ICPF,q9_22,q9_22,5,0,1/5,1/n of available outer terms; multi-input joint mapping is not additive per item,2030,2032,1 Code/1 Data Preparation_CFI DPI Migrant Women Colombia.do,"gen f2_comunidad = . | replace f2_comunidad = 1 if q9_22==1 | replace f2_comunidad = 0 if inlist(q9_22,2,3,4,98)",CURRENT_AUTHORED_SOURCE_NOT_SCIENTIFIC_APPROVAL
ICPF,f2_sin_consecuencias,ICPF_raw,ICPF,q9_17_1;q9_17_2;q9_17_3,q9_17,5,0,1/5,1/n of available outer terms; multi-input joint mapping is not additive per item,2040,2043,1 Code/1 Data Preparation_CFI DPI Migrant Women Colombia.do,egen sum_consecuencias = rowtotal(q9_17_1 q9_17_2 q9_17_3) | gen f2_sin_consecuencias = . | replace f2_sin_consecuencias = 1 if sum_consecuencias == 0 | replace f2_sin_consecuencias = 0 if sum_consecuencias > 0,CURRENT_AUTHORED_SOURCE_NOT_SCIENTIFIC_APPROVAL
ICPF,f2_sin_mitigaciones,ICPF_raw,ICPF,q9_21_1;q9_21_2;q9_21_3,q9_21,5,0,1/5,1/n of available outer terms; multi-input joint mapping is not additive per item,2048,2051,1 Code/1 Data Preparation_CFI DPI Migrant Women Colombia.do,egen sum_mitigaciones = rowtotal(q9_21_1 q9_21_2 q9_21_3) | gen f2_sin_mitigaciones = . | replace f2_sin_mitigaciones = 1 if sum_mitigaciones == 0 | replace f2_sin_mitigaciones = 0 if sum_mitigaciones > 0,CURRENT_AUTHORED_SOURCE_NOT_SCIENTIFIC_APPROVAL
IEH,g1_info,IEH_raw,IEH,q10_4,q10_4,6,0,1/6,1/n of available outer terms; multi-input joint mapping is not additive per item,2118,2118,1 Code/1 Data Preparation_CFI DPI Migrant Women Colombia.do,"gen g1_info = inlist(q10_4,3,4) if !missing(q10_4)",CURRENT_AUTHORED_SOURCE_NOT_SCIENTIFIC_APPROVAL
IEH,g1_cashout,IEH_raw,IEH,q10_6,q10_6,6,0,1/6,1/n of available outer terms; multi-input joint mapping is not additive per item,2122,2122,1 Code/1 Data Preparation_CFI DPI Migrant Women Colombia.do,"gen g1_cashout = inlist(q10_6,1,2) if !missing(q10_6)",CURRENT_AUTHORED_SOURCE_NOT_SCIENTIFIC_APPROVAL
IEH,g1_capacitacion,IEH_raw,IEH,q10_10,q10_10,6,0,1/6,1/n of available outer terms; multi-input joint mapping is not additive per item,2126,2126,1 Code/1 Data Preparation_CFI DPI Migrant Women Colombia.do,"gen g1_capacitacion = inlist(q10_10,1,2) if !missing(q10_10)",CURRENT_AUTHORED_SOURCE_NOT_SCIENTIFIC_APPROVAL
IEH,g1_impacto_cap,IEH_raw,IEH,q10_12,q10_12,6,0,1/6,1/n of available outer terms; multi-input joint mapping is not additive per item,2130,2130,1 Code/1 Data Preparation_CFI DPI Migrant Women Colombia.do,"gen g1_impacto_cap = inlist(q10_12,3,4) if !missing(q10_12)",CURRENT_AUTHORED_SOURCE_NOT_SCIENTIFIC_APPROVAL
IEH,g1_acompanamiento,IEH_raw,IEH,q10_13,q10_13,6,0,1/6,1/n of available outer terms; multi-input joint mapping is not additive per item,2134,2134,1 Code/1 Data Preparation_CFI DPI Migrant Women Colombia.do,gen g1_acompanamiento = (q10_13==1) if !missing(q10_13),CURRENT_AUTHORED_SOURCE_NOT_SCIENTIFIC_APPROVAL
IEH,g1_materiales,IEH_raw,IEH,q10_16,q10_16,6,0,1/6,1/n of available outer terms; multi-input joint mapping is not additive per item,2138,2138,1 Code/1 Data Preparation_CFI DPI Migrant Women Colombia.do,"gen g1_materiales = inlist(q10_16,1,2) if !missing(q10_16)",CURRENT_AUTHORED_SOURCE_NOT_SCIENTIFIC_APPROVAL
IBPD,g2_barrera_principal,IBPD_raw,IBPD,q10_1,q10_1,5,0,1/5,1/n of available outer terms; multi-input joint mapping is not additive per item,2163,2163,1 Code/1 Data Preparation_CFI DPI Migrant Women Colombia.do,"gen g2_barrera_principal = inrange(q10_1,1,15) if !missing(q10_1)",CURRENT_AUTHORED_SOURCE_NOT_SCIENTIFIC_APPROVAL
IBPD,g2_barreras_extra_bin,IBPD_raw,IBPD,q10_2_1;q10_2_10;q10_2_11;q10_2_12;q10_2_14;q10_2_15;q10_2_2;q10_2_3;q10_2_4;q10_2_5;q10_2_6;q10_2_7;q10_2_8;q10_2_9,q10_2,5,0,1/5,1/n of available outer terms; multi-input joint mapping is not additive per item,2167,2171,1 Code/1 Data Preparation_CFI DPI Migrant Women Colombia.do,egen g2_barreras_extra = rowtotal(q10_2_1 q10_2_2 q10_2_3 q10_2_4 q10_2_5 q10_2_6 q10_2_7 q10_2_8 q10_2_9 q10_2_10 q10_2_11 q10_2_12 q10_2_14 q10_2_15) | gen g2_barreras_extra_bin = (g2_barreras_extra > 0) if !missing(g2_barreras_extra),CURRENT_AUTHORED_SOURCE_NOT_SCIENTIFIC_APPROVAL
IBPD,g2_poca_info,IBPD_raw,IBPD,q10_4,q10_4,5,0,1/5,1/n of available outer terms; multi-input joint mapping is not additive per item,2175,2175,1 Code/1 Data Preparation_CFI DPI Migrant Women Colombia.do,"gen g2_poca_info = inlist(q10_4,1,2) if !missing(q10_4)",CURRENT_AUTHORED_SOURCE_NOT_SCIENTIFIC_APPROVAL
IBPD,g2_cashout_dificil,IBPD_raw,IBPD,q10_6,q10_6,5,0,1/5,1/n of available outer terms; multi-input joint mapping is not additive per item,2179,2179,1 Code/1 Data Preparation_CFI DPI Migrant Women Colombia.do,"gen g2_cashout_dificil = inlist(q10_6,3,4,5,98) if !missing(q10_6)",CURRENT_AUTHORED_SOURCE_NOT_SCIENTIFIC_APPROVAL
IBPD,g2_sin_materiales,IBPD_raw,IBPD,q10_16,q10_16,5,0,1/5,1/n of available outer terms; multi-input joint mapping is not additive per item,2183,2183,1 Code/1 Data Preparation_CFI DPI Migrant Women Colombia.do,"gen g2_sin_materiales = inlist(q10_16,4,98) if !missing(q10_16)",CURRENT_AUTHORED_SOURCE_NOT_SCIENTIFIC_APPROVAL
