construct,report,report_sha256,accepted_packet,seal_sha256,status,mean_root,score,category,outer_terms,source_items,route_items,captured_historical_textual_recipes,history_limit
IAT,IAT_MEASUREMENT_AUDIT.md,1544B78474F282A689B4D955EE2B6E023E06DFF8A2EFF21FF5EE7EE80880D869,audit-local/intake/iat-24f23bd,065E6724631690999910FC3D6A76503125B9E8B9ED6071510BAF7C34631CD030,BOUNDED_IAT_REPLAY_PASS_SCIENTIFIC_FINDINGS_OPEN,iat_score,iat_score,iat_cat,5,q3_1;q3_12;q3_5;q3_6;q3_7;q3_8,q3_1;q3_5,0,See sealed current/old recipe evidence; no new original-run inference
IVS,IVS_MEASUREMENT_AUDIT.md,BBA5D784A15FC8B1D51F92FC587C6A12BB6304B5017EB803954D2E5AAF965EA3,audit-local/intake/ivs-4535102,0DE0548C21CB093329EC0C9EB49ADE89BF80E07C528964B3654774ADC2155436,BOUNDED_IVS_REPLAY_PASS_SCIENTIFIC_FINDINGS_OPEN,ivs_score,ivs_score,ivs_cat,3,q2_1;q2_2;q2_3,,0,See sealed current/old recipe evidence; no new original-run inference
IADT,IADT_MEASUREMENT_AUDIT.md,6582533B53AD37021856A841D2EEDCC52296F65DA875E587BA2B8F9CE7D1B6D7,audit-local/intake/iadt-f2c99ab,85C5702F19DEE0BDEA51F454B6EEDA8DB9156AE39BA4096E2FD81373B03BE889,BOUNDED_IADT_AUDIT_PASS_SCIENTIFIC_FINDINGS_OPEN,iadt_score,iadt_score,iadt_cat,3,q3_15;q3_16;q3_17,q3_1,0,See sealed current/old recipe evidence; no new original-run inference
ICDP,ICDP_MEASUREMENT_AUDIT.md,1C4CF4503F775AE40F075EC1D645503CCC4AC654B268DEC80EA56AB6BC765CEA,audit-local/intake/icdp-8eb3405,CFB8364B7428134F4674E9BDE93ED276A7750164C49B74BFFDD598F7212E84B3,BOUNDED_ICDP_AUDIT_PASS_SCIENTIFIC_FINDINGS_OPEN,icdp_score,icdp_score,icdp_cat,4,q3_20;q3_21;q3_22;q3_23,q3_1;q3_5,0,See sealed current/old recipe evidence; no new original-run inference
IAFF,IAFF_MEASUREMENT_AUDIT.md,26D6B95C286C4237C70F6104172C0BECAEA46F188C2CEF95564081D75503F491,audit-local/intake/iaff-a9604d3,C1B7DC3D9AFBED08E75272E00CB21BFC2132C6485BE66C4C29B229A24B2BDE1D,BOUNDED_IAFF_AUDIT_PASS_SCIENTIFIC_FINDINGS_OPEN,iaff_score,iaff_score,iaff_cat,4,q4_1;q4_12;q4_5;q4_6,,0,See sealed current/old recipe evidence; no new original-run inference
IUOF,IUOF_MEASUREMENT_AUDIT.md,BE7CADE185A566A5A9F93E00122705865E52CB5B047BB15B2DFE867F2AAFDED5,audit-local/intake/iuof-8714646,D562729FC17D772A9D08D89675FFEFB0D2F7A7ED18544A9D21406C5C8DC5A865,BOUNDED_IUOF_AUDIT_PASS_SCIENTIFIC_FINDINGS_OPEN,iuof_score,iuof_score_01,iuof_cat,7,q4_15;q4_16;q4_17;q4_24;q4_25;q4_26;q4_27,q4_12,0,See sealed current/old recipe evidence; no new original-run inference
OQI,OQI_MEASUREMENT_AUDIT.md,3B6D6A1BE632C4AE9DEDC3EB06A8B59E53BF29E6E3567E275970E65C1E088197,audit-local/intake/oqi-4b8a2c5,E6599A2690C00E9192C70F20793769E7896D2F84433B1C7283823E82FAD0F1C8,BOUNDED_OQI_AUDIT_PASS_SCIENTIFIC_FINDINGS_OPEN,oqi_score,oqi_score_01,oqi_cat,9,q5_13;q5_14;q5_15;q5_16;q5_21;q5_22;q5_23;q5_5;q5_7;q5_9,q4_12;q5_2,0,See sealed current/old recipe evidence; no new original-run inference
IURD,IURD_MEASUREMENT_AUDIT.md,1FDDFD5891936A611B6D748DBFDC3DBC06DEE9B64456F5A80F6D604BFFF75D31,audit-local/intake/iurd-da6c988,D2710B9DF2D0A590589559565B09EA21FBE4A23AA3F352222B08F99F3A630EFC,BOUNDED_IURD_AUDIT_PASS_SCIENTIFIC_FINDINGS_OPEN,iurd_score,iurd_score_01,iurd_cat,5,q6_13;q6_14;q6_15;q6_2;q6_4,q6_14,6,See sealed current/old recipe evidence; no new original-run inference
IETR,IETR_MEASUREMENT_AUDIT.md,C7FE1B78C1E5C6E35B737D5F32325477C5A8FAF7F45F97BAC02DDDA9AC23F3D4,audit-local/intake/ietr-0452e40,367CBD17C9CEB8837F8B1E379FB7A073036ADCD3637E264AA8166AFCC448D455,BOUNDED_IETR_AUDIT_PASS_SCIENTIFIC_FINDINGS_OPEN,ietr_score,ietr_score_01,ietr_cat,9,q6_11;q6_16;q6_17;q6_18;q6_20;q6_21;q6_22;q6_23;q6_24;q6_6;q6_9,q6_14,5,See sealed current/old recipe evidence; no new original-run inference
IPCS,IPCS_MEASUREMENT_AUDIT.md,724845AF9215460DB55826293ABDF832676D6D572F9CF2D1C67FC0B109EDB0CD,audit-local/intake/ipcs-bd46bba,78B10E91C377711F1D3D86794086E98A241413A0C7B8962713B7B51831B89F05,BOUNDED_IPCS_AUDIT_PASS_SCIENTIFIC_FINDINGS_OPEN,IPCS_raw,IPCS,IPCS_cat,6,q7_10;q7_2;q7_6;q7_7;q7_8;q7_9,q7_1,4,See sealed current/old recipe evidence; no new original-run inference
IEDF,IEDF_MEASUREMENT_AUDIT.md,36C7C4407611A949BC6F3854EC0C64E869B04E2DD8DDB9D4C0EC83CB86C016FF,audit-local/intake/iedf-4b7317e,D07ACB2C242C72FD37B39BB003BFE51BE450FFE83EB69A0E011D5283B3CE45D9,BOUNDED_IEDF_AUDIT_PASS_SCIENTIFIC_FINDINGS_OPEN,IEDF_raw,IEDF,IEDF_cat,6,q7_1;q7_11;q7_13;q7_14;q7_15;q7_5,q7_11;q7_12,5,See sealed current/old recipe evidence; no new original-run inference
IAER,IAER_MEASUREMENT_AUDIT.md,A445B3EF319CFFE50F8EF05A02F34C493F6F5C9AC8115E8BC6F355196E8BB5F1,audit-local/intake/iaer-891549f,95DF6671F964E395E8E155661E48BFEA0D7A789295CCDE8BA1229E2499C7896A,BOUNDED_IAER_AUDIT_PASS_SCIENTIFIC_FINDINGS_OPEN,IAER_raw,IAER,IAER_cat,12,q9_11;q9_13;q9_16;q9_18;q9_19;q9_20;q9_4;q9_5;q9_6;q9_7;q9_8;q9_9,,4,See sealed current/old recipe evidence; no new original-run inference
ICPF,ICPF_MEASUREMENT_AUDIT.md,78BCA63498B98546C4EEF891FC1A524921E3C077CC63E89EC02B40C5ABC7F48C,audit-local/intake/icpf-1a1db95,F09C88058AA56754C44FA94D39E2480BD5C8DDE8FFF8C28935F120E9975A49B5,BOUNDED_ICPF_AUDIT_PASS_SCIENTIFIC_FINDINGS_OPEN,ICPF_raw,ICPF,ICPF_cat,5,q9_1;q9_15;q9_17;q9_21;q9_22,q9_20,3,See sealed current/old recipe evidence; no new original-run inference
IEH,IEH_MEASUREMENT_AUDIT.md,96E56F479D6BA67F1BFC3E0431242E7D763A71F9C0FDA7321E98FC27274CB8AF,audit-local/intake/ieh-c639bda,80365953CEC26D91B67ABFF9D81FFA1D4E4892B8E20357505167DA4399ACD8E8,BOUNDED_IEH_AUDIT_PASS_SCIENTIFIC_FINDINGS_OPEN,IEH_raw,IEH,IEH_cat,6,q10_10;q10_12;q10_13;q10_16;q10_4;q10_6,q10_10,3,See sealed current/old recipe evidence; no new original-run inference
IBPD,IBPD_MEASUREMENT_AUDIT.md,855F8DDFCF1C79979EAFB86B8B411EB0088883E256B5D1C70069CB7EDED3F365,audit-local/intake/ibpd-c1050eb,3F9B70CDE1F1E2BA0B68B7300D493E999BE896017B34A8FBEFC47F6F158E5D49,BOUNDED_IBPD_AUDIT_PASS_SCIENTIFIC_FINDINGS_OPEN,IBPD_raw,IBPD,IBPD_cat,5,q10_1;q10_16;q10_2;q10_4;q10_6,,3,See sealed current/old recipe evidence; no new original-run inference
