construct,reference_N,outer_term_counts,scale_and_direction,fixed_category_contract,current_vs_quantile_differences,normalization_standardization,missing_and_sentinel_contract,historical_regime,source_report
IAT,423,5:420;4:2;3:1,0-1 higher telecom access,<=.45 low;>.45<=.80 middle;>.80 high,not-consolidated,0-100 rowmean then float /100; standardized normalized score,Available-term rowmean; all-source-absent missing score/high category latent; 71 nominal .80 float high assignments observed,Current authored replay; no original-run proof; new analysis-alias headers only,IAT_MEASUREMENT_AUDIT.md
IVS,423,3:423,0-1 higher vulnerability,<=.33 low;>.33<=.66 middle;>.66 high,not-consolidated,Education and occupation ordinal maps; tenure inverse observed min-max on 2026 reference year; sample SD,All-source-absent missing/high latent; arrival 2026 omitted; constant-tenure denominator risk; four observed float category discrepancies,Old retained states 37/38/39 have no tenure term and two-term stored scores despite same authored source; IVS-05 original generation cause unverified,IVS_MEASUREMENT_AUDIT.md
IADT,423,3:323;2:99;1:1,0-1 higher perceived skill,<=.33 low;>.33<=.66 middle;>.66 high,276,Likert 1-5 to 0-1; normalized-score SD,Smartphone-only app-install and phone-gated sending versus universally routed safety; defensive recode 98/99 to missing; all-absent missing/high latent,Current stored replay exact; no observed category precision defect; standardized counterpart omission is not a changed fit,IADT_MEASUREMENT_AUDIT.md
ICDP,423,4:422;2:1,0-1 higher mixed reported and hypothetical competency,<=.45 low;>.45<=.80 middle;>.80 high,314,0-100 component mean then float /100; normalized-score SD,Phone skips remove two terms; ability and hypothetical scenario are not observed task performance; all-absent missing/high latent,Current replay exact; hybrid upper group contains score 1 only; fixed and empirical groups distinct,ICDP_MEASUREMENT_AUDIT.md
IAFF,423,4:423,0-1 higher formal-access proxies,<.50 low;>=.50<=.80 middle;>.80 high,138,0-100 component mean then float /100; normalized-score SD,Document/account OR flags 1-4; refusal/unknown mostly adverse zero; account term constant 100; all-raw-absent OR defaults supply zeros and low,Exact replay; principal-product assignment is not ownership; original producing fit not established,IAFF_MEASUREMENT_AUDIT.md
IUOF,423,7:408;6:15,0-1 higher mixed use proxies,<.50 low;>=.50<.80 middle;>=.80 high,139,Raw 0-100 mean /100; preparation SD raw and analysis standardized aliases normalized,Optional-item genuine nonresponse distinct from N/A99 zero; nonlending refusal98 scores 100 in six cases; all-absent missing/high latent; 60 versus 90-day mismatch,Old raw 40/70 and mixed raw/normalized middle logic retained separately; current recipe not all historical category states,IUOF_MEASUREMENT_AUDIT.md
OQI,423,9:325;8:98,0-1 higher mixed onboarding/transaction quality,<45 raw low;>=45<85 middle;>=85 high,105,Raw 0-100 mean /100; raw-score preparation SD,Legal mixed privacy pairs omitted; default KYC rowtotal gives 100 with all raw absent; other/unknown only KYC may score best; q5_4 QR not an OQI input,Exact OQI scoring; adjacent QR helper version defect is not a changed OQI mean; older QR-only differences retained,OQI_MEASUREMENT_AUDIT.md
IURD,423,5:349;4:51;3:21;2:2,0-1 higher digital remittance-use proxies,<30 raw low;>=30<55 middle;>=55 high,215,Raw 0-100 mean /100; no current preparation SD; analysis SD aliases,Sentinels98/99 and optional/routed gaps produce available-case means; Other channel zero differs from formal-remittance helper; all-absent missing/high latent,Six authentic recipes; older graded four-term 40/70 or 45/85 versus current binary five-term 30/55; compatible is not unique producer,IURD_MEASUREMENT_AUDIT.md
IETR,423,9:249;8:103;7:12;6:3;5:1;4:0;3:46;2:4;1:5,0-1 higher mixed transaction efficiency,<45 raw low;>=45<85 middle;>=85 high,176,Nine outer terms with two nested two-input means; raw /100 and analysis SD,174 partial means; cost/confirmation inner denominators vary; q6_14 domestic gate; FX99 best but domestic no-fee4 zero; speed6 omitted; current all-absent missing/high,Five recipes; older seven-term 40/70 defaults versus nine-term 45/85; dropped fee/FX and confirmation intermediates remain ancestors,IETR_MEASUREMENT_AUDIT.md
IPCS,423,6:238;5:185,0-100 higher mixed security perceptions/preferences,<45 low;>=45<85 middle;>=85 high,259,Binary float rowmean 0-1 then *100; analysis SD,Contact q7_1 gates reaction; unknown/Other/preference codes may score zero; all-absent missing/high latent,Four textual recipes; old 40/70 differs; two populated empirical groups; Figure27 exposure helper is blocking not contact,IPCS_MEASUREMENT_AUDIT.md
IEDF,423,6:96;5:8;3:290;2:29,0-100 higher mixed fraud/payment-problem proxies,<45 low;>=45<80 middle;>=80 high,265,Binary float rowmean 0-1 then *100; analysis SD,Versioned complaint gates; legal contact4/pending4/satisfaction5 omitted; unknown contact zero; all-absent missing/high latent,Five recipes; older five-term 40/70; source-local h_iedf2 median serialization includes147 ties (269 vs122 strict positives),IEDF_MEASUREMENT_AUDIT.md
IAER,423,12:423,0-100 higher mixed autonomy/norms/intention,<40 low;>=40<85 middle;>=85 high,419,Twelve binary terms float rowmean *100; analysis SD,Coercion refusal98 can score positive absence; all-absent missing/high latent; intention not actual ownership/use,Four recipes with phantom No2 and 10-/11-/12-term regimes; ceiling246 at100 and median100 binary constant zero; only two empirical groups,IAER_MEASUREMENT_AUDIT.md
ICPF,423,5:423,0-100 higher mixed trust/restriction construct,<40 low;>=40<70 middle;>=70 high,390,Five-term binary/ordinal mean *100; two 3-flag rowtotals; analysis SD,Nada1 penalized; restriction4 excluded; refusal98 omitted;375 mitigation skips default positive; all-raw-absent gives100/high,Three recipes; older three-term versus current five-term; strict median80 positives15 without serialization defect; fixed binary and quantiles differ,ICPF_MEASUREMENT_AUDIT.md
IEH,423,6:186;5:237,0-100 higher scored enablers,<40 low;>=40<70 middle;>=70 high with !missing guard,127,Six binary terms float rowmean *100; analysis SD,Training gates change term; no-change3 and somewhat-more4 positive but much-more5 zero; all-absent missing score/category under current guard,Three recipes; older missing-high guard differs; current state37 discrepancy196 cells; adjacent enabler labels not scored; IEH/IBPD partial inverse overlap,IEH_MEASUREMENT_AUDIT.md
IBPD,423,5:423,0-100 higher scored barriers,<40 low;>=40<70 middle;>=70 high with !missing guard,82,Five binary terms float rowmean *100; default extra-barrier subtotal; analysis SD,Main refusal zero; extra refusal unscored; cash/material unknown positive; all-raw-absent default extra0 produces0/low not missing,Three recipes; current/6376 compatible but earlier sentinel policy changes25 scores/4 categories per state; no unique producing run; IEH literal overlap,IBPD_MEASUREMENT_AUDIT.md
