finding_ids,status,evidence_and_required_decision
,OPEN_INHERITED_UNCHANGED,README.md: SCOPE-01
,OPEN_INHERITED_UNCHANGED,README.md: NUM-01
,OPEN_INHERITED_UNCHANGED,README.md: PRIV-01 confirmed historical NoPII contact retention
,OPEN_INHERITED_UNCHANGED,"README.md: PRIV-02 sensitive Git/history exposure; selected preservation implemented, anonymous derivative and cleanup not authorized"
,OPEN_INHERITED_UNCHANGED,README.md: PRIV-04 local selected-version hash/restore checks pass; remote payload checksum and all-history scope unavailable
,OPEN_INHERITED_UNCHANGED,"README.md: DATA-02 historical clock cause/reconstruction unverified; reports/settings owner-confirmed unavailable, preserved audit/coded clocks unchanged; old order diagnostic superseded"
,OPEN_INHERITED_UNCHANGED,"README.md: MEAS-01 bounded version domains/text availability and IAT/IVS/IADT/ICDP/IAFF replays and IUOF version reconciliation pass; other constructs, geography meanings, dummy/scoring validity and downstream result parity remain pending"
IAT-01,OPEN_INHERITED_UNCHANGED,README.md: IAT-01 71 nominal 0.80 values historically high by float comparison; repair and downstream impact not implemented
IAT-02,OPEN_INHERITED_UNCHANGED,README.md: IAT-02 instrument meaning versus active frequency labels/access-location scoring comments; exhibit/narrative impact unverified
IAT-03,OPEN_INHERITED_UNCHANGED,"README.md: IAT-03 three partial-component means, ordered N/A rules and latent all-missing-to-high defect; no scientific correction"
IVS-01,OPEN_INHERITED_UNCHANGED,README.md: IVS-01 one nominal 0.33 medium and three nominal 0.66 high cases; no category repair or model/exhibit impact certified
IVS-02,OPEN_INHERITED_UNCHANGED,README.md: IVS-02 main occupation does not establish formality/stability; vulnerability mapping/weights/cutoffs lack completed construct validation
IVS-03;IVS-05,OPEN_INHERITED_UNCHANGED,"README.md: IVS-03 legal arrival2026, constant-range and missing-score edges are latent in the complete current reference; IVS-05 separately establishes all-missing tenure components in old states, not missing aggregate scores"
IVS-04,OPEN_INHERITED_UNCHANGED,README.md: IVS-04 stale extrema rejected for inspected implementation; original runtime/portability and explicit extrema remain unverified
,OPEN_INHERITED_UNCHANGED,README.md: restricted temporary verification duplicates await owner housekeeping; no original deleted
EXH-01;IVS-05,OPEN_INHERITED_UNCHANGED,"IAT_IVS_EXHIBIT_AUDIT.md: EXH-01-06 refined; old stored-state Table2/Figures7-10 compatibility recovered, exact histogram generation/original execution unresolved. Arithmetic, captions, semantics/denominators and inference issues remain; IVS-05 is observed old all-missing tenure/two-component index, not a proven runtime cause."
IVS-05,OPEN_INHERITED_UNCHANGED,IAT_IVS_EXHIBIT_AUDIT.md: IVS-05 old two-component IVS and later complete three-component state require downstream consumer/reload/estimator reconciliation before revisions; no coefficient/class impact certified.
IADT-01,OPEN_INHERITED_UNCHANGED,README.md: IADT-01 structural phone applicability changes component content/weights for100 retained scores; no applicable-item nonresponse; cross-group construct/estimand decision pending
IADT-02,OPEN_INHERITED_UNCHANGED,"README.md: IADT-02 perceived confidence is not demonstrated skill, causal learning/protection or financial inclusion; legacy denominator/causal/mediation interpretations require review"
IADT-03,OPEN_INHERITED_UNCHANGED,"README.md: IADT-03 latent missing-to-high, exact-domain/range and degenerate-standardization exposure; nominal float probes are not attainable legal-score boundaries; no observed boundary error demonstrated"
IADT-04,OPEN_INHERITED_UNCHANGED,README.md: IADT-04 four standardized/AME counterparts omit IADT relative to full raw models; fit/sample/output comparability and intentionality require protected M6/M7 reconciliation
IADT-05,OPEN_INHERITED_UNCHANGED,README.md: IADT-05 fixed categories versus uneven empirical terciles differ276/423; preferredH1/actual benchmark inputs exclude IADT; within-sample profiles are not independent external validation
ICDP-01,OPEN_INHERITED_UNCHANGED,README.md: ICDP-01 reported QR use/OTP ability/PIN knowledge/hypothetical fraud response is not observed functional task performance; quantitative legacy overclaims require explicit revision
ICDP-02,OPEN_INHERITED_UNCHANGED,"README.md: ICDP-02 point rankings, equal available-component weights and .45/.80 cutoffs are normative historical assumptions; criterion validity and any redesign remain unapproved"
ICDP-03,OPEN_INHERITED_UNCHANGED,README.md: ICDP-03 structural422 four-/1 two-component composition changes implicit content/weights; zero applicable-item nonresponse is not authority for automatic imputation/exclusion
ICDP-04,OPEN_INHERITED_UNCHANGED,README.md: ICDP-04 latent missing-to-high/unmapped omission/degenerate standardization; observed code/score/category precision contamination is zero and nominal .45/.80 exact legal means unattainable
ICDP-05,OPEN_INHERITED_UNCHANGED,README.md: ICDP-05 fixed30/106/287 versus quantile162/182/79 differs314/423; upper group exactly score1. Actual M1/H1/clustering use fixed binary/quantile/standardized continuous ICDP; internal profile coherence is not independent external validation and no fitted consequence is re-estimated
IAFF-01,OPEN_INHERITED_UNCHANGED,"IAFF_MEASUREMENT_AUDIT.md: IAFF-01 reported possessions/conditions not verified legal KYC acceptance, successful onboarding, active use or financial-inclusion welfare; narrative/inference review pending."
IAFF-02,OPEN_INHERITED_UNCHANGED,IAFF_MEASUREMENT_AUDIT.md: IAFF-02 required positive-only account field across5forms; account100 constant423 and score floor.25. No negative ownership responses invented; scientific score/support decision pending.
IAFF-03,OPEN_INHERITED_UNCHANGED,"IAFF_MEASUREMENT_AUDIT.md: IAFF-03 optional unconstrained document field; one semantic none/refusal-plus-other combination, no dummy mismatch; address refusal5 and phone unknown7 scored0; explicit refusal/default/ambiguity policy pending."
IAFF-04,OPEN_INHERITED_UNCHANGED,"IAFF_MEASUREMENT_AUDIT.md: IAFF-04 default-zero dummies hide missing/malformed values, unmapped scalars change denominator, float/constant-SD guards latent. Full-source missing inputs yield0/low, not missing/high; nominal.8 is unattainable and observed precision contamination zero."
IAFF-05,OPEN_INHERITED_UNCHANGED,"IAFF_MEASUREMENT_AUDIT.md: IAFF-05 fixed31/290/102 vs quantile169/152/102 differs138 at.5; high membership coincides only in this sample. Figure16 priority assignment is not ownership prevalence and Figure20 consumes fixed categories, not terciles. Actual M1/H1/clustering dependencies/internal profile validation need explicit later reconciliation without fitted-effect inference."
,OPEN_INHERITED_UNCHANGED,"ACADEMIC_SUBMISSION_WORKPLAN.md: next immediate seven-child M4.03.13/M5.02.11 historical IEDF audit before remaining measurement/exhibit audits, protected M6 historical replication and explicit M7 scientific revisions; prior measurement findings remain open."
IUOF-01,OPEN_INHERITED_UNCHANGED,"IUOF_MEASUREMENT_AUDIT.md: IUOF-01 mixed activity/opportunity/provider notification/non-lending constructs, normative equal available-component points and fixed thresholds; criterion validity and causal/welfare interpretation pending."
IUOF-02,OPEN_INHERITED_UNCHANGED,"IUOF_MEASUREMENT_AUDIT.md: IUOF-02 stable60day stem/90day non-use inconsistency; positive-only required ownership routing versus34 principal no-account and21 unselected products; legal source-consistent semantic concerns, not proven wrong answers."
IUOF-03,OPEN_INHERITED_UNCHANGED,"IUOF_MEASUREMENT_AUDIT.md: IUOF-03 seven optional relevant items yield408seven-/15six-component means; applicable nonresponse changes weights. NA99 scored0 and six refusal98 non-lending answers100; explicit policy and sensitivity decisions pending, no imputation/exclusion."
IUOF-04,OPEN_INHERITED_UNCHANGED,IUOF_MEASUREMENT_AUDIT.md: IUOF-04 reference two-stage normalization86different/0categorychanges and raw-normalized standardization270different/max2.384185791015625e-7; own recipes match. Missing-as-high/unmapped omission/constantSD latent; observed exact.8 is correctly high.
IUOF-05,OPEN_INHERITED_UNCHANGED,IUOF_MEASUREMENT_AUDIT.md: IUOF-05 five stored category states diverge789cells: state37 matches raw40/70;32/33/38/39 mixed-scale middle predicate. Current d119b22 correction already present; exact producing run/downstream reload/estimator/exhibit effects not proven.
IUOF-06,OPEN_INHERITED_UNCHANGED,IUOF_MEASUREMENT_AUDIT.md: IUOF-06 fixed61/167/195 vs empirical143/142/138 differs139assignments; rawfullD includesIADT standardized plot omitsit. Figure20 fixedcategories notterciles/highlabel wrong. ActualM1 excludesIUOF; H1usesquantiles andclustering continuous scores; no fitted consequences.
IUOF-07,OPEN_INHERITED_UNCHANGED,"IUOF_MEASUREMENT_AUDIT.md: IUOF-07 same-source class-defining continuous separation is internal characterization, not independent externalvalidation. Legacy dependency/graduation/welfare causal overclaims and source overlap need M6/M7 review without qualitative rewrite."
OQI-01,OPEN_INHERITED_UNCHANGED,"OQI_MEASUREMENT_AUDIT.md: OQI-01 Mixed registration/service/transaction self-reports and recall windows do not certify procedural skills, accepted documentation or causal governance/protection mechanisms."
OQI-02,OPEN_INHERITED_UNCHANGED,"OQI_MEASUREMENT_AUDIT.md: OQI-02 98 legal mixed terms/privacy pairs omit a component. Joint ranks, available-component weights and raw 45/85 thresholds require explicit review."
OQI-03,OPEN_INHERITED_UNCHANGED,OQI_MEASUREMENT_AUDIT.md: OQI-03 Six-flag KYC excludes Other7/Unknown98; 18 unknown-only and three Other-only profiles get100. Requested requirements and missing defaults do not prove acceptance.
OQI-04,OPEN_INHERITED_UNCHANGED,"OQI_MEASUREMENT_AUDIT.md: OQI-04 Required positive-only ownership/nonempty-rail routing, principal-account contradictions, help refusals and offered-versus-received assistance require accurate meaning and explicit policy."
OQI-05,OPEN_INHERITED_UNCHANGED,OQI_MEASUREMENT_AUDIT.md: OQI-05 Current adjacent QR flag has179 domain disagreements; four states match older QR recipe. OQI mean excludesflag and actual analysis QR aliases map q5_4 correctly. Producer/fitted/exhibit impact unverified.
OQI-06,OPEN_INHERITED_UNCHANGED,OQI_MEASUREMENT_AUDIT.md: OQI-06 Latent default/missing-high/unmapped/constant-SD guards and float order remain open; observed category precision changes zero. No production guard or score redesign implemented.
OQI-07,OPEN_INHERITED_UNCHANGED,"OQI_MEASUREMENT_AUDIT.md: OQI-07 Fixed/binary/quantile/continuous representations, 105 category/tercile differences, own standardized IADT inclusion and internal-versus-independent validation require M6/M7 reconciliation."
IURD-01,OPEN_INHERITED_UNCHANGED,"IURD_MEASUREMENT_AUDIT.md: IURD-01-04 mixed international/general/latest/domestic60-day referents, legalfrequency99 omission/phantom4zero, varying available-case weights, binary retention/Otherchannel/ordinalvolume semantics remain open."
IURD-05,OPEN_INHERITED_UNCHANGED,"IURD_MEASUREMENT_AUDIT.md: IURD-05 17 complete retained states reconcile2518 current discrepancies to authentic four-component historical recipes, including unknown-response defaults; source compatibility is not original execution or estimator proof."
IURD-06,OPEN_INHERITED_UNCHANGED,"IURD_MEASUREMENT_AUDIT.md: IURD-06 latent full-source-missing/high, constant-SD/ULP/domain guards; observed13 normalization/300standardization differences and0categoryprecisionchanges do not certify fitted robustness."
IURD-07,OPEN_INHERITED_UNCHANGED,"IURD_MEASUREMENT_AUDIT.md: IURD-07 fixed/binary/quantile/continuous representations differ215fixed/tercile assignments; standardized IURD omitsIADT despite rawblock inclusion, shared-source profile helpers are not independent validation, exhibits/causal claims pending."
IETR-01,OPEN_INHERITED_UNCHANGED,"IETR_MEASUREMENT_AUDIT.md: IETR-01 mixed latest international/domestic/general/global and60/90day referents, paper confirmation and absent timing/performance/causal/persistence identification require scientific claim review."
IETR-02,OPEN_INHERITED_UNCHANGED,"IETR_MEASUREMENT_AUDIT.md: IETR-02 fee/FX labels reversed; FX N/A99 scored100 versus no-fee4 scored0 requires explicit semantic/polarity/N/A policy, not automatic recoding."
IETR-03,OPEN_INHERITED_UNCHANGED,"IETR_MEASUREMENT_AUDIT.md: IETR-03 nested available-case weights/174incomplete profiles and55non-Yes recent users with<=3terms, including legal singleton100, need estimand/routing/missing/sensitivity decisions."
IETR-04,OPEN_INHERITED_UNCHANGED,IETR_MEASUREMENT_AUDIT.md: IETR-04 preserve four older positive-no-confirm9-term states and one7-term joint/default/overwrite regime;1813current discrepancies reconciled but original execution/downstream fits/exhibits unproven.
IETR-05,OPEN_INHERITED_UNCHANGED,"IETR_MEASUREMENT_AUDIT.md: IETR-05 legal unpredictable6 omitted, asymmetric unknown/refusal/N/A and normative ordinal points plus60/90day wording require explicit justification; actual timing/cost/corrected answers unrecoverable."
IETR-06,OPEN_INHERITED_UNCHANGED,"IETR_MEASUREMENT_AUDIT.md: IETR-06 latent missing/high, undeclared interval/finite-domain/constant-SD guards;117normalization/347std differences and0observed category precision changes do not establish measurement or fitted robustness."
IETR-07,OPEN_INHERITED_UNCHANGED,IETR_MEASUREMENT_AUDIT.md: IETR-07 fixed/quantile/continuous roles differ176assignments; standardized IETR omitsIADT; h_ietr3absentpreferredH1/all33explicitGSEMexcludeIETR while actual standardized clustering includesit. Same-sample profiles not independent validation; inference/exhibits pending.
IPCS-01,OPEN_INHERITED_UNCHANGED,"IPCS_MEASUREMENT_AUDIT.md: IPCS-01 mixed reported practice, education, perceived safety and prevention preferences do not demonstrate skills, assimilation, defensive agency or protective efficacy; item-specific referents remain."
IPCS-02,OPEN_INHERITED_UNCHANGED,IPCS_MEASUREMENT_AUDIT.md: IPCS-02 exposure-conditioned238six-/185five-term composition/weights share q7_1 withIEDF/H1; specify estimand/sensitivity without imputing structural skips or calling nonexposure nonresponse.
IPCS-03,OPEN_INHERITED_UNCHANGED,IPCS_MEASUREMENT_AUDIT.md: IPCS-03 pooled ordinal/sentinel/Other/customer-service zero policies require justification; oldest authentic source omits four responses rather than zero.
IPCS-04,OPEN_INHERITED_UNCHANGED,IPCS_MEASUREMENT_AUDIT.md: IPCS-04 retain142state37 category differences and authentic40/70 versus45/85; fixed48/220/155 versus tiedquantiles152/271/no third group differs259. Source compatibility is not original execution or fit.
IPCS-05,OPEN_INHERITED_UNCHANGED,IPCS_MEASUREMENT_AUDIT.md: IPCS-05 latent missing-high/finite-domain/constant-SD guards and storage order remain explicit revisions;154scaling/209std last-digit differences and zero observed category changes do not validate robustness.
IPCS-06,OPEN_INHERITED_UNCHANGED,"IPCS_MEASUREMENT_AUDIT.md: IPCS-06 actual standardized IPCS retainsIADT;33actualGSEM excludeIPCS, actual continuous clustering includesit. Same-sample/shared-route profiles are not independent validation; actual estimates/inference remain pending."
IPCS-07,OPEN_INHERITED_UNCHANGED,IPCS_MEASUREMENT_AUDIT.md: IPCS-07 preserve early-only Other7; Figure27 source q7_5 blocking versusq7_1 contact exposure differs159. Legacy skill/causal/null-result/exhibit claims not recertified or corrected.
IEDF-01,OPEN_INHERITED_UNCHANGED,"IEDF_MEASUREMENT_AUDIT.md: IEDF-01 mixed contacts/blocking/payment/first-response/recourse proxies are not verified fraud frequency, monetary loss or causal protection."
IEDF-02,OPEN_INHERITED_UNCHANGED,"IEDF_MEASUREMENT_AUDIT.md: IEDF-02 neutral3 zero; very-satisfied5, pending-resolution4 and contact-knowledge4 omissions require explicit scientific scoring/comment review."
IEDF-03,OPEN_INHERITED_UNCHANGED,"IEDF_MEASUREMENT_AUDIT.md: IEDF-03 available-case2–6term denominators differ across structural recourse routes; unknowns, omissions and true zero must remain distinct."
IEDF-04,OPEN_INHERITED_UNCHANGED,IEDF_MEASUREMENT_AUDIT.md: IEDF-04 preserve five native recipes and older five-term state; finite/domain/missing-high/constant-SD guards not corrected or scientifically approved.
IEDF-05,OPEN_INHERITED_UNCHANGED,"IEDF_MEASUREMENT_AUDIT.md: IEDF-05 serialized median-local includes147exact-median ties,269source positives versus122strict positives; fixed/tercile/hybrid/continuous constructions are not interchangeable."
IEDF-06,OPEN_INHERITED_UNCHANGED,"IEDF_MEASUREMENT_AUDIT.md: IEDF-06 actual class-defining/continuous roles, retainedIADT and shared-item/internal-profile circularity do not certify fitted effects, external validation or causal inference."
IEDF-07,OPEN_INHERITED_UNCHANGED,IEDF_MEASUREMENT_AUDIT.md: IEDF-07 Figure27contact versusblocking differs159; legacy damage/frequency/protection captions and actual historical model/image parity remain unverified.
IAER-01,OPEN_INHERITED_UNCHANGED,"IAER_MEASUREMENT_AUDIT.md: IAER-01 mixed hypothetical preference, administration, voice, healthcare/household decisions and recall windows need an explicit autonomy/agency target; not observed ownership or empowerment change."
IAER-02,OPEN_INHERITED_UNCHANGED,"IAER_MEASUREMENT_AUDIT.md: IAER-02 refusal98 is scored as positive absence on sensitive coercion items; item-specific refusal/unknown handling requires scientific approval, not inferred no coercion."
IAER-03,OPEN_INHERITED_UNCHANGED,"IAER_MEASUREMENT_AUDIT.md: IAER-03 sole/joint/notify-agreement pooling, neutral handling, equal normative binary weights and fixed40/85 thresholds require justification."
IAER-04,OPEN_INHERITED_UNCHANGED,IAER_MEASUREMENT_AUDIT.md: IAER-04 preserve four native12/12/10/11-term recipes and4600retained current-source cell differences; compatibility does not prove original producer/runtime/fitted consequences.
IAER-05,OPEN_INHERITED_UNCHANGED,"IAER_MEASUREMENT_AUDIT.md: IAER-05 ceiling246at100, h_iaer2constantzero/median100, tiedquantiles177/246/no third and419fixed-disagreements need explicit future profiling/representation policy."
IAER-06,OPEN_INHERITED_UNCHANGED,IAER_MEASUREMENT_AUDIT.md: IAER-06 finite/domain/missing-high/constant-SD safeguards remain latent scientific/revision decisions;137scaling/385std lastdigits and zeroobserved category effects do not certify robustness.
IAER-07,OPEN_INHERITED_UNCHANGED,"IAER_MEASUREMENT_AUDIT.md: IAER-07 legacy ownership/caption/only-when/mediation, conditioning/commonmethod and same-source cluster validation claims need source/fit/exhibit reconciliation; all33actualGSEM excludeIAER, qualitative evidence protected."
ICPF-01,OPEN_INHERITED_UNCHANGED,"ICPF_MEASUREMENT_AUDIT.md: ICPF-01 mixed confidence/approval/community perceptions/hypothetical consequences/conditional requested safeguards do not establish observed safety, harm or protection."
ICPF-02,OPEN_INHERITED_UNCHANGED,ICPF_MEASUREMENT_AUDIT.md: ICPF-02 Nada1 is penalized; restriction4/refusal98/version-dependent Other-none5 policies require scientific correction/sensitivity; historical recipe unchanged.
ICPF-03,OPEN_INHERITED_UNCHANGED,"ICPF_MEASUREMENT_AUDIT.md: ICPF-03 conditional safeguards1/2/3 penalties, support4/Other5 omissions and375 structural skips awardedpositive require route/denominator/preference policy; no skip imputation."
ICPF-04,OPEN_INHERITED_UNCHANGED,"ICPF_MEASUREMENT_AUDIT.md: ICPF-04 equal available-term weights, neutral/unknown pooling,3/5-term versions,40/70 and fixed/quantile/median/continuous definitions require justification; native compatibility not original execution."
ICPF-05,OPEN_INHERITED_UNCHANGED,"ICPF_MEASUREMENT_AUDIT.md: ICPF-05 currentfullmissing100/high versusoldermissing/high, malformedrowtotals and finite/domain/range/constantSD guards remain open;136scaling/353std(max2^-22)/zero observedcategoryeffects not robustnessproof."
ICPF-06,OPEN_INHERITED_UNCHANGED,"ICPF_MEASUREMENT_AUDIT.md: ICPF-06 eightM1/M2fixed-high/eightH2/H3quantileGSEM,preferredH1exclusion,continuousclustering; q9_20conditioning not literalIAER scoredoverlap/internalprofiles not externalvalidation."
ICPF-07,OPEN_INHERITED_UNCHANGED,ICPF_MEASUREMENT_AUDIT.md: ICPF-07 LEGACY-A realizedharm/forcedmitigation/significance/necessaryecosystem/mediation/null/provider claims and fitted/image parity remain protectedM6/M7 work; qualitativeunchanged.
,OPEN_INHERITED_UNCHANGED,"ACADEMIC_SUBMISSION_WORKPLAN.md: current next M4.03.17/M5.02.15 historical IBPD, seven children; prior dated task notices remain history."
IEH-01,OPEN_INHERITED_UNCHANGED,IEH_MEASUREMENT_AUDIT.md: IEH-01 mixed self-reported support/exposure/willingness/windows is not demonstrated literacy/institutional quality/program impact.
IEH-02,OPEN_INHERITED_UNCHANGED,"IEH_MEASUREMENT_AUDIT.md: IEH-02 q10_12 positive-change semantic conflict:14nochange/78somewhatmore positive,56greatestincrease zero;oldrecipe omits5."
IEH-03,OPEN_INHERITED_UNCHANGED,IEH_MEASUREMENT_AUDIT.md: IEH-03 training-route5/6componentweights for237/186; structural skip not nonresponse/imputedchange.
IEH-04,OPEN_INHERITED_UNCHANGED,IEH_MEASUREMENT_AUDIT.md: IEH-04 someinformation/speedcost/pooling/unknownrefusal and directprofile sentinel denominators require justification.
IEH-05,OPEN_INHERITED_UNCHANGED,IEH_MEASUREMENT_AUDIT.md: IEH-05 authentic3recipes/196state37differences/fixedvsquantile127/nativecompatibility not originalexecution/modelproof.
IEH-06,OPEN_INHERITED_UNCHANGED,IEH_MEASUREMENT_AUDIT.md: IEH-06 currentmissinghighguard retained; oldmissinghigh/domain/finite/constantSD edges open;precision no robustnessproof.
IEH-07,OPEN_INHERITED_UNCHANGED,IEH_MEASUREMENT_AUDIT.md: IEH-07 zeroIEHinputs in33actualGSEM/continuousclustering/sharedIBPDitems/samesurveyprofiles not externalcausalvalidation.
IEH-08,OPEN_INHERITED_UNCHANGED,IEH_MEASUREMENT_AUDIT.md: IEH-08 adjacentenabler2/3/5/6/7label defects/versionOtherNone/provider groupings/legacy transparencyfrictionFX/exhibit claims pending.
IBPD-01,OPEN_INHERITED_UNCHANGED,IBPD_MEASUREMENT_AUDIT.md: IBPD-01 heterogeneous binary perception/exposure terms and two any-barrier terms require construct/weight justification.
IBPD-02,OPEN_INHERITED_UNCHANGED,"IBPD_MEASUREMENT_AUDIT.md: IBPD-02 earliest main11/additional16 Other drift, earliest additional1 absent,13 never offered; no observed early-Other effect."
IBPD-03,OPEN_INHERITED_UNCHANGED,"IBPD_MEASUREMENT_AUDIT.md: IBPD-03 asymmetric refusal/unknown scoring,2 contradictory multiselect and13 main-None/additional-barrier cases retained."
IBPD-04,OPEN_INHERITED_UNCHANGED,IBPD_MEASUREMENT_AUDIT.md: IBPD-04 latent default rowtotal zero creates available extra term and all-source-missing score0/low; observed423 five-term complete.
IBPD-05,OPEN_INHERITED_UNCHANGED,"IBPD_MEASUREMENT_AUDIT.md: IBPD-05 three authentic recipes, earlier missing-sentinel policy25 scores/4 category changes; compatibility not unique producer."
IBPD-06,OPEN_INHERITED_UNCHANGED,IBPD_MEASUREMENT_AUDIT.md: IBPD-06 fixed63/265/95 versus empirical145/183/95 differs82; source-local aliases not interchangeable; float effects no category changes.
IBPD-07,OPEN_INHERITED_UNCHANGED,IBPD_MEASUREMENT_AUDIT.md: IBPD-07 noIBPD in33actualGSEM or operative clustering; actual outcome/profile uses and literal IEH overlap not external/causal validation.
IBPD-08,OPEN_INHERITED_UNCHANGED,IBPD_MEASUREMENT_AUDIT.md: IBPD-08 legacy prevention/mediation/institutional/exhibit/fitted-result provenance remains for protectedM6/M7; qualitative unchanged.
