left,right,literal_shared_scored_items,left_scored_right_routing,right_scored_left_routing,common_item_routes,common_eligible_survey_cohort,independent_validation_proven,relation,evidence
IAT,IVS,,,,,1,0,COMMON_METHOD_ONLY,Item-level dependency only; not empirical covariance or fitted local-dependence proof
IAT,IADT,,q3_1,,q3_1,1,0,SCORED_ROUTE_DEPENDENCY,Item-level dependency only; not empirical covariance or fitted local-dependence proof
IAT,ICDP,,q3_1;q3_5,,q3_1;q3_5,1,0,SCORED_ROUTE_DEPENDENCY,Item-level dependency only; not empirical covariance or fitted local-dependence proof
IAT,IAFF,,,,,1,0,COMMON_METHOD_ONLY,Item-level dependency only; not empirical covariance or fitted local-dependence proof
IAT,IUOF,,,,,1,0,COMMON_METHOD_ONLY,Item-level dependency only; not empirical covariance or fitted local-dependence proof
IAT,OQI,,,,,1,0,COMMON_METHOD_ONLY,Item-level dependency only; not empirical covariance or fitted local-dependence proof
IAT,IURD,,,,,1,0,COMMON_METHOD_ONLY,Item-level dependency only; not empirical covariance or fitted local-dependence proof
IAT,IETR,,,,,1,0,COMMON_METHOD_ONLY,Item-level dependency only; not empirical covariance or fitted local-dependence proof
IAT,IPCS,,,,,1,0,COMMON_METHOD_ONLY,Item-level dependency only; not empirical covariance or fitted local-dependence proof
IAT,IEDF,,,,,1,0,COMMON_METHOD_ONLY,Item-level dependency only; not empirical covariance or fitted local-dependence proof
IAT,IAER,,,,,1,0,COMMON_METHOD_ONLY,Item-level dependency only; not empirical covariance or fitted local-dependence proof
IAT,ICPF,,,,,1,0,COMMON_METHOD_ONLY,Item-level dependency only; not empirical covariance or fitted local-dependence proof
IAT,IEH,,,,,1,0,COMMON_METHOD_ONLY,Item-level dependency only; not empirical covariance or fitted local-dependence proof
IAT,IBPD,,,,,1,0,COMMON_METHOD_ONLY,Item-level dependency only; not empirical covariance or fitted local-dependence proof
IVS,IADT,,,,,1,0,COMMON_METHOD_ONLY,Item-level dependency only; not empirical covariance or fitted local-dependence proof
IVS,ICDP,,,,,1,0,COMMON_METHOD_ONLY,Item-level dependency only; not empirical covariance or fitted local-dependence proof
IVS,IAFF,,,,,1,0,COMMON_METHOD_ONLY,Item-level dependency only; not empirical covariance or fitted local-dependence proof
IVS,IUOF,,,,,1,0,COMMON_METHOD_ONLY,Item-level dependency only; not empirical covariance or fitted local-dependence proof
IVS,OQI,,,,,1,0,COMMON_METHOD_ONLY,Item-level dependency only; not empirical covariance or fitted local-dependence proof
IVS,IURD,,,,,1,0,COMMON_METHOD_ONLY,Item-level dependency only; not empirical covariance or fitted local-dependence proof
IVS,IETR,,,,,1,0,COMMON_METHOD_ONLY,Item-level dependency only; not empirical covariance or fitted local-dependence proof
IVS,IPCS,,,,,1,0,COMMON_METHOD_ONLY,Item-level dependency only; not empirical covariance or fitted local-dependence proof
IVS,IEDF,,,,,1,0,COMMON_METHOD_ONLY,Item-level dependency only; not empirical covariance or fitted local-dependence proof
IVS,IAER,,,,,1,0,COMMON_METHOD_ONLY,Item-level dependency only; not empirical covariance or fitted local-dependence proof
IVS,ICPF,,,,,1,0,COMMON_METHOD_ONLY,Item-level dependency only; not empirical covariance or fitted local-dependence proof
IVS,IEH,,,,,1,0,COMMON_METHOD_ONLY,Item-level dependency only; not empirical covariance or fitted local-dependence proof
IVS,IBPD,,,,,1,0,COMMON_METHOD_ONLY,Item-level dependency only; not empirical covariance or fitted local-dependence proof
IADT,ICDP,,,,q3_1,1,0,COMMON_ROUTE_ONLY,Item-level dependency only; not empirical covariance or fitted local-dependence proof
IADT,IAFF,,,,,1,0,COMMON_METHOD_ONLY,Item-level dependency only; not empirical covariance or fitted local-dependence proof
IADT,IUOF,,,,,1,0,COMMON_METHOD_ONLY,Item-level dependency only; not empirical covariance or fitted local-dependence proof
IADT,OQI,,,,,1,0,COMMON_METHOD_ONLY,Item-level dependency only; not empirical covariance or fitted local-dependence proof
IADT,IURD,,,,,1,0,COMMON_METHOD_ONLY,Item-level dependency only; not empirical covariance or fitted local-dependence proof
IADT,IETR,,,,,1,0,COMMON_METHOD_ONLY,Item-level dependency only; not empirical covariance or fitted local-dependence proof
IADT,IPCS,,,,,1,0,COMMON_METHOD_ONLY,Item-level dependency only; not empirical covariance or fitted local-dependence proof
IADT,IEDF,,,,,1,0,COMMON_METHOD_ONLY,Item-level dependency only; not empirical covariance or fitted local-dependence proof
IADT,IAER,,,,,1,0,COMMON_METHOD_ONLY,Item-level dependency only; not empirical covariance or fitted local-dependence proof
IADT,ICPF,,,,,1,0,COMMON_METHOD_ONLY,Item-level dependency only; not empirical covariance or fitted local-dependence proof
IADT,IEH,,,,,1,0,COMMON_METHOD_ONLY,Item-level dependency only; not empirical covariance or fitted local-dependence proof
IADT,IBPD,,,,,1,0,COMMON_METHOD_ONLY,Item-level dependency only; not empirical covariance or fitted local-dependence proof
ICDP,IAFF,,,,,1,0,COMMON_METHOD_ONLY,Item-level dependency only; not empirical covariance or fitted local-dependence proof
ICDP,IUOF,,,,,1,0,COMMON_METHOD_ONLY,Item-level dependency only; not empirical covariance or fitted local-dependence proof
ICDP,OQI,,,,,1,0,COMMON_METHOD_ONLY,Item-level dependency only; not empirical covariance or fitted local-dependence proof
ICDP,IURD,,,,,1,0,COMMON_METHOD_ONLY,Item-level dependency only; not empirical covariance or fitted local-dependence proof
ICDP,IETR,,,,,1,0,COMMON_METHOD_ONLY,Item-level dependency only; not empirical covariance or fitted local-dependence proof
ICDP,IPCS,,,,,1,0,COMMON_METHOD_ONLY,Item-level dependency only; not empirical covariance or fitted local-dependence proof
ICDP,IEDF,,,,,1,0,COMMON_METHOD_ONLY,Item-level dependency only; not empirical covariance or fitted local-dependence proof
ICDP,IAER,,,,,1,0,COMMON_METHOD_ONLY,Item-level dependency only; not empirical covariance or fitted local-dependence proof
ICDP,ICPF,,,,,1,0,COMMON_METHOD_ONLY,Item-level dependency only; not empirical covariance or fitted local-dependence proof
ICDP,IEH,,,,,1,0,COMMON_METHOD_ONLY,Item-level dependency only; not empirical covariance or fitted local-dependence proof
ICDP,IBPD,,,,,1,0,COMMON_METHOD_ONLY,Item-level dependency only; not empirical covariance or fitted local-dependence proof
IAFF,IUOF,,q4_12,,,1,0,SCORED_ROUTE_DEPENDENCY,Item-level dependency only; not empirical covariance or fitted local-dependence proof
IAFF,OQI,,q4_12,,,1,0,SCORED_ROUTE_DEPENDENCY,Item-level dependency only; not empirical covariance or fitted local-dependence proof
IAFF,IURD,,,,,1,0,COMMON_METHOD_ONLY,Item-level dependency only; not empirical covariance or fitted local-dependence proof
IAFF,IETR,,,,,1,0,COMMON_METHOD_ONLY,Item-level dependency only; not empirical covariance or fitted local-dependence proof
IAFF,IPCS,,,,,1,0,COMMON_METHOD_ONLY,Item-level dependency only; not empirical covariance or fitted local-dependence proof
IAFF,IEDF,,,,,1,0,COMMON_METHOD_ONLY,Item-level dependency only; not empirical covariance or fitted local-dependence proof
IAFF,IAER,,,,,1,0,COMMON_METHOD_ONLY,Item-level dependency only; not empirical covariance or fitted local-dependence proof
IAFF,ICPF,,,,,1,0,COMMON_METHOD_ONLY,Item-level dependency only; not empirical covariance or fitted local-dependence proof
IAFF,IEH,,,,,1,0,COMMON_METHOD_ONLY,Item-level dependency only; not empirical covariance or fitted local-dependence proof
IAFF,IBPD,,,,,1,0,COMMON_METHOD_ONLY,Item-level dependency only; not empirical covariance or fitted local-dependence proof
IUOF,OQI,,,,q4_12,1,0,COMMON_ROUTE_ONLY,Item-level dependency only; not empirical covariance or fitted local-dependence proof
IUOF,IURD,,,,,1,0,COMMON_METHOD_ONLY,Item-level dependency only; not empirical covariance or fitted local-dependence proof
IUOF,IETR,,,,,1,0,COMMON_METHOD_ONLY,Item-level dependency only; not empirical covariance or fitted local-dependence proof
IUOF,IPCS,,,,,1,0,COMMON_METHOD_ONLY,Item-level dependency only; not empirical covariance or fitted local-dependence proof
IUOF,IEDF,,,,,1,0,COMMON_METHOD_ONLY,Item-level dependency only; not empirical covariance or fitted local-dependence proof
IUOF,IAER,,,,,1,0,COMMON_METHOD_ONLY,Item-level dependency only; not empirical covariance or fitted local-dependence proof
IUOF,ICPF,,,,,1,0,COMMON_METHOD_ONLY,Item-level dependency only; not empirical covariance or fitted local-dependence proof
IUOF,IEH,,,,,1,0,COMMON_METHOD_ONLY,Item-level dependency only; not empirical covariance or fitted local-dependence proof
IUOF,IBPD,,,,,1,0,COMMON_METHOD_ONLY,Item-level dependency only; not empirical covariance or fitted local-dependence proof
OQI,IURD,,,,,1,0,COMMON_METHOD_ONLY,Item-level dependency only; not empirical covariance or fitted local-dependence proof
OQI,IETR,,,,,1,0,COMMON_METHOD_ONLY,Item-level dependency only; not empirical covariance or fitted local-dependence proof
OQI,IPCS,,,,,1,0,COMMON_METHOD_ONLY,Item-level dependency only; not empirical covariance or fitted local-dependence proof
OQI,IEDF,,,,,1,0,COMMON_METHOD_ONLY,Item-level dependency only; not empirical covariance or fitted local-dependence proof
OQI,IAER,,,,,1,0,COMMON_METHOD_ONLY,Item-level dependency only; not empirical covariance or fitted local-dependence proof
OQI,ICPF,,,,,1,0,COMMON_METHOD_ONLY,Item-level dependency only; not empirical covariance or fitted local-dependence proof
OQI,IEH,,,,,1,0,COMMON_METHOD_ONLY,Item-level dependency only; not empirical covariance or fitted local-dependence proof
OQI,IBPD,,,,,1,0,COMMON_METHOD_ONLY,Item-level dependency only; not empirical covariance or fitted local-dependence proof
IURD,IETR,,q6_14,,q6_14,1,0,SCORED_ROUTE_DEPENDENCY,Item-level dependency only; not empirical covariance or fitted local-dependence proof
IURD,IPCS,,,,,1,0,COMMON_METHOD_ONLY,Item-level dependency only; not empirical covariance or fitted local-dependence proof
IURD,IEDF,,,,,1,0,COMMON_METHOD_ONLY,Item-level dependency only; not empirical covariance or fitted local-dependence proof
IURD,IAER,,,,,1,0,COMMON_METHOD_ONLY,Item-level dependency only; not empirical covariance or fitted local-dependence proof
IURD,ICPF,,,,,1,0,COMMON_METHOD_ONLY,Item-level dependency only; not empirical covariance or fitted local-dependence proof
IURD,IEH,,,,,1,0,COMMON_METHOD_ONLY,Item-level dependency only; not empirical covariance or fitted local-dependence proof
IURD,IBPD,,,,,1,0,COMMON_METHOD_ONLY,Item-level dependency only; not empirical covariance or fitted local-dependence proof
IETR,IPCS,,,,,1,0,COMMON_METHOD_ONLY,Item-level dependency only; not empirical covariance or fitted local-dependence proof
IETR,IEDF,,,,,1,0,COMMON_METHOD_ONLY,Item-level dependency only; not empirical covariance or fitted local-dependence proof
IETR,IAER,,,,,1,0,COMMON_METHOD_ONLY,Item-level dependency only; not empirical covariance or fitted local-dependence proof
IETR,ICPF,,,,,1,0,COMMON_METHOD_ONLY,Item-level dependency only; not empirical covariance or fitted local-dependence proof
IETR,IEH,,,,,1,0,COMMON_METHOD_ONLY,Item-level dependency only; not empirical covariance or fitted local-dependence proof
IETR,IBPD,,,,,1,0,COMMON_METHOD_ONLY,Item-level dependency only; not empirical covariance or fitted local-dependence proof
IPCS,IEDF,,,q7_1,,1,0,SCORED_ROUTE_DEPENDENCY,Item-level dependency only; not empirical covariance or fitted local-dependence proof
IPCS,IAER,,,,,1,0,COMMON_METHOD_ONLY,Item-level dependency only; not empirical covariance or fitted local-dependence proof
IPCS,ICPF,,,,,1,0,COMMON_METHOD_ONLY,Item-level dependency only; not empirical covariance or fitted local-dependence proof
IPCS,IEH,,,,,1,0,COMMON_METHOD_ONLY,Item-level dependency only; not empirical covariance or fitted local-dependence proof
IPCS,IBPD,,,,,1,0,COMMON_METHOD_ONLY,Item-level dependency only; not empirical covariance or fitted local-dependence proof
IEDF,IAER,,,,,1,0,COMMON_METHOD_ONLY,Item-level dependency only; not empirical covariance or fitted local-dependence proof
IEDF,ICPF,,,,,1,0,COMMON_METHOD_ONLY,Item-level dependency only; not empirical covariance or fitted local-dependence proof
IEDF,IEH,,,,,1,0,COMMON_METHOD_ONLY,Item-level dependency only; not empirical covariance or fitted local-dependence proof
IEDF,IBPD,,,,,1,0,COMMON_METHOD_ONLY,Item-level dependency only; not empirical covariance or fitted local-dependence proof
IAER,ICPF,,q9_20,,,1,0,SCORED_ROUTE_DEPENDENCY,Item-level dependency only; not empirical covariance or fitted local-dependence proof
IAER,IEH,,,,,1,0,COMMON_METHOD_ONLY,Item-level dependency only; not empirical covariance or fitted local-dependence proof
IAER,IBPD,,,,,1,0,COMMON_METHOD_ONLY,Item-level dependency only; not empirical covariance or fitted local-dependence proof
ICPF,IEH,,,,,1,0,COMMON_METHOD_ONLY,Item-level dependency only; not empirical covariance or fitted local-dependence proof
ICPF,IBPD,,,,,1,0,COMMON_METHOD_ONLY,Item-level dependency only; not empirical covariance or fitted local-dependence proof
IEH,IBPD,q10_16;q10_4;q10_6,,,,1,0,LITERAL_PARTIAL_INVERSE,Item-level dependency only; not empirical covariance or fitted local-dependence proof
