child_id,scope,status,scientific_adoption,release
source_contract,bounded_preflight_only,section7_2_first_equation_append_held459_no_fit,False,False
observable_eligibility,bounded_preflight_only,N360_rank14_not_fitted_119yes_241no_63missing,False,False
native_transport,bounded_preflight_only,304_artificial_records_11fields_unique_key_equality_CSV17_readback,False,False
append_context,bounded_preflight_only,40_seed_rows_preserved_6_extra_first_column_blank_rows,False,False
guard_checker,bounded_preflight_only,6_downstream_rejections_hold459_escape198_collision602,False,False
attempts,bounded_preflight_only,engine152_and_ordinal_comparison_failures_preserved_successors_verified,False,False
historical_targets,bounded_preflight_only,58_selected_464_shared_56RTF_frozen_not_reproduced,False,False
cumulative_closure,bounded_preflight_only,71groups_351tests_review_compiler_seal_readback_required,False,False
scientific_privacy_release,bounded_preflight_only,held_I3_REPLAY_D01_and_original_empty_root_dirs_unchanged,False,False
