appendix,file,title,provenance,source,notes
A,A Research Instrument/Appendix_A1_Quantitative_Survey_Questionnaire.html,Appendix a1 quantitative survey questionnaire,Static documentation,Manually maintained research instrument,Not an analytical output
C,C Variable Construction/figures/Figure_C1_Index_Distributions.png,Index distributions,Stata-generated analytical output,1 Code/2 Analysis_CFI DPI Migrant Women Colombia.do; packaged by Section 18,Authoritative analytical artifact
C,C Variable Construction/figures/Figure_C2_Index_Correlation_Heatmap.png,Index correlation heatmap,Stata-generated analytical output,1 Code/2 Analysis_CFI DPI Migrant Women Colombia.do; packaged by Section 18,Authoritative analytical artifact
C,C Variable Construction/tables/Table_C0_Current_Index_Architecture.xlsx,Current index architecture and item-to-index mapping,Static methodological documentation,1 Code/1 Data Preparation_CFI DPI Migrant Women Colombia.do,Manually maintained from the implemented index-construction rules
C,C Variable Construction/tables/Table_C1_Index_Summary_Statistics.csv,Index summary statistics,Stata-generated aggregate table,"1 Code/2 Analysis_CFI DPI Migrant Women Colombia.do, Section 18",Regenerated from the final aggregate analytical dataset
C,C Variable Construction/tables/Table_C2_Index_Correlation_Matrix.csv,Index correlation matrix,Stata-generated aggregate table,"1 Code/2 Analysis_CFI DPI Migrant Women Colombia.do, Section 18",Regenerated from the final aggregate analytical dataset
D,D Descriptive Evidence/figures/fig1_hist_edad.png,Age distribution,Stata-generated analytical output,1 Code/2 Analysis_CFI DPI Migrant Women Colombia.do; packaged by Section 18,Authoritative analytical artifact
D,D Descriptive Evidence/figures/fig2_pie_residence.png,City of residence,Stata-generated analytical output,1 Code/2 Analysis_CFI DPI Migrant Women Colombia.do; packaged by Section 18,Authoritative analytical artifact
D,D Descriptive Evidence/figures/fig3_density_years_in_col.png,Years living in Colombia,Stata-generated analytical output,1 Code/2 Analysis_CFI DPI Migrant Women Colombia.do; packaged by Section 18,Authoritative analytical artifact
D,D Descriptive Evidence/figures/fig3_porcentage_years_in_col.png,Years living in Colombia,Stata-generated analytical output,1 Code/2 Analysis_CFI DPI Migrant Women Colombia.do; packaged by Section 18,Authoritative analytical artifact
D,D Descriptive Evidence/figures/fig4_bar_education.png,Educational attainment,Stata-generated analytical output,1 Code/2 Analysis_CFI DPI Migrant Women Colombia.do; packaged by Section 18,Authoritative analytical artifact
D,D Descriptive Evidence/figures/fig5_bar_occupation.png,Current occupation,Stata-generated analytical output,1 Code/2 Analysis_CFI DPI Migrant Women Colombia.do; packaged by Section 18,Authoritative analytical artifact
D,D Descriptive Evidence/figures/fig6_ivs_distribution_apa.png,Socioeconomic Vulnerability Index (IVS),Stata-generated analytical output,1 Code/2 Analysis_CFI DPI Migrant Women Colombia.do; packaged by Section 18,Authoritative analytical artifact
D,D Descriptive Evidence/figures/fig6_ivs_distribution_porcentage.png,Socioeconomic Vulnerability Index (IVS),Stata-generated analytical output,1 Code/2 Analysis_CFI DPI Migrant Women Colombia.do; packaged by Section 18,Authoritative analytical artifact
D,D Descriptive Evidence/figures/fig7_ivs_by_city.png,Socioeconomic vulnerability by city,Stata-generated analytical output,1 Code/2 Analysis_CFI DPI Migrant Women Colombia.do; packaged by Section 18,Authoritative analytical artifact
D,D Descriptive Evidence/figures/fig8_ivs_by_age.png,Socioeconomic vulnerability by age group,Stata-generated analytical output,1 Code/2 Analysis_CFI DPI Migrant Women Colombia.do; packaged by Section 18,Authoritative analytical artifact
D,D Descriptive Evidence/figures/fig9_iat_phone_internet.png,Mobile-phone and internet access,Stata-generated analytical output,1 Code/2 Analysis_CFI DPI Migrant Women Colombia.do; packaged by Section 18,Authoritative analytical artifact
D,D Descriptive Evidence/figures/fig10_data_stability.png,Mobile-data stability,Stata-generated analytical output,1 Code/2 Analysis_CFI DPI Migrant Women Colombia.do; packaged by Section 18,Authoritative analytical artifact
D,D Descriptive Evidence/figures/fig11_sendmoney.png,Ability to send and receive digital money,Stata-generated analytical output,1 Code/2 Analysis_CFI DPI Migrant Women Colombia.do; packaged by Section 18,Authoritative analytical artifact
D,D Descriptive Evidence/figures/fig12_iat_iadt.png,Telecommunications access and digital self-efficacy,Stata-generated analytical output,1 Code/2 Analysis_CFI DPI Migrant Women Colombia.do; packaged by Section 18,Authoritative analytical artifact
D,D Descriptive Evidence/figures/fig13_qr.png,Use of QR payments,Stata-generated analytical output,1 Code/2 Analysis_CFI DPI Migrant Women Colombia.do; packaged by Section 18,Authoritative analytical artifact
D,D Descriptive Evidence/figures/fig14_icdp_age.png,Practical digital competence by age,Stata-generated analytical output,1 Code/2 Analysis_CFI DPI Migrant Women Colombia.do; packaged by Section 18,Authoritative analytical artifact
D,D Descriptive Evidence/figures/fig15_icdp_edu.png,Practical digital competence by education,Stata-generated analytical output,1 Code/2 Analysis_CFI DPI Migrant Women Colombia.do; packaged by Section 18,Authoritative analytical artifact
D,D Descriptive Evidence/figures/fig16_account_types_pct.png,Types of financial accounts owned,Stata-generated analytical output,1 Code/2 Analysis_CFI DPI Migrant Women Colombia.do; packaged by Section 18,Authoritative analytical artifact
D,D Descriptive Evidence/figures/fig17_iaff_time.png,Formal financial access by migration tenure,Stata-generated analytical output,1 Code/2 Analysis_CFI DPI Migrant Women Colombia.do; packaged by Section 18,Authoritative analytical artifact
D,D Descriptive Evidence/figures/fig18_iaff_edu_plain.png,Formal financial access by education,Stata-generated analytical output,1 Code/2 Analysis_CFI DPI Migrant Women Colombia.do; packaged by Section 18,Authoritative analytical artifact
D,D Descriptive Evidence/figures/fig19_iuof_distrib_porcentage.png,Financial use and operability (IUOF),Stata-generated analytical output,1 Code/2 Analysis_CFI DPI Migrant Women Colombia.do; packaged by Section 18,Authoritative analytical artifact
D,D Descriptive Evidence/figures/fig19_iuof_distrib.png,Financial use and operability (IUOF),Stata-generated analytical output,1 Code/2 Analysis_CFI DPI Migrant Women Colombia.do; packaged by Section 18,Authoritative analytical artifact
D,D Descriptive Evidence/figures/fig20_iuof_iaff.png,Financial operability and formal financial access,Stata-generated analytical output,1 Code/2 Analysis_CFI DPI Migrant Women Colombia.do; packaged by Section 18,Authoritative analytical artifact
D,D Descriptive Evidence/figures/fig21_awareness_usage_rails.png,Awareness and use of payment rails,Stata-generated analytical output,1 Code/2 Analysis_CFI DPI Migrant Women Colombia.do; packaged by Section 18,Authoritative analytical artifact
D,D Descriptive Evidence/figures/fig22_oqi_by_iaff.png,Onboarding quality by formal financial access,Stata-generated analytical output,1 Code/2 Analysis_CFI DPI Migrant Women Colombia.do; packaged by Section 18,Authoritative analytical artifact
D,D Descriptive Evidence/figures/fig23_oqi_by_icdp.png,Onboarding quality by practical digital competence,Stata-generated analytical output,1 Code/2 Analysis_CFI DPI Migrant Women Colombia.do; packaged by Section 18,Authoritative analytical artifact
D,D Descriptive Evidence/figures/fig24_remittance_channels.png,Channels used to receive remittances,Stata-generated analytical output,1 Code/2 Analysis_CFI DPI Migrant Women Colombia.do; packaged by Section 18,Authoritative analytical artifact
D,D Descriptive Evidence/figures/fig25_ietr_distrib_porcentage.png,Transactional experience in remittances and payments (IETR),Stata-generated analytical output,1 Code/2 Analysis_CFI DPI Migrant Women Colombia.do; packaged by Section 18,Authoritative analytical artifact
D,D Descriptive Evidence/figures/fig25_ietr_distrib.png,Transactional experience in remittances and payments (IETR),Stata-generated analytical output,1 Code/2 Analysis_CFI DPI Migrant Women Colombia.do; packaged by Section 18,Authoritative analytical artifact
D,D Descriptive Evidence/figures/fig26_iurd_by_ifo.png,Digital-remittance intensity by formal-channel use,Stata-generated analytical output,1 Code/2 Analysis_CFI DPI Migrant Women Colombia.do; packaged by Section 18,Authoritative analytical artifact
D,D Descriptive Evidence/figures/fig27_safety_vs_exposure.png,Perceived safety and fraud exposure,Stata-generated analytical output,1 Code/2 Analysis_CFI DPI Migrant Women Colombia.do; packaged by Section 18,Authoritative analytical artifact
D,D Descriptive Evidence/figures/fig28_iedf_by_oqi.png,Fraud exposure and recourse harm by onboarding quality,Stata-generated analytical output,1 Code/2 Analysis_CFI DPI Migrant Women Colombia.do; packaged by Section 18,Authoritative analytical artifact
D,D Descriptive Evidence/figures/fig29_iedf_by_icdp.png,Fraud exposure and recourse harm by practical digital competence,Stata-generated analytical output,1 Code/2 Analysis_CFI DPI Migrant Women Colombia.do; packaged by Section 18,Authoritative analytical artifact
D,D Descriptive Evidence/figures/fig30_resolution_satisfaction.png,Resolution satisfaction after payment or remittance problems,Stata-generated analytical output,1 Code/2 Analysis_CFI DPI Migrant Women Colombia.do; packaged by Section 18,Authoritative analytical artifact
D,D Descriptive Evidence/figures/fig31_iaer_distribution.png,Economic autonomy in remittances (IAER),Stata-generated analytical output,1 Code/2 Analysis_CFI DPI Migrant Women Colombia.do; packaged by Section 18,Authoritative analytical artifact
D,D Descriptive Evidence/figures/fig31_iaer_porcentage.png,Economic autonomy in remittances (IAER),Stata-generated analytical output,1 Code/2 Analysis_CFI DPI Migrant Women Colombia.do; packaged by Section 18,Authoritative analytical artifact
D,D Descriptive Evidence/figures/fig32_iaer_by_iurd.png,Economic autonomy by digital-remittance intensity,Stata-generated analytical output,1 Code/2 Analysis_CFI DPI Migrant Women Colombia.do; packaged by Section 18,Authoritative analytical artifact
D,D Descriptive Evidence/figures/fig33_iedf_by_iaer.png,Fraud exposure and recourse harm by economic autonomy,Stata-generated analytical output,1 Code/2 Analysis_CFI DPI Migrant Women Colombia.do; packaged by Section 18,Authoritative analytical artifact
D,D Descriptive Evidence/figures/fig34_icpf_by_iurd.png,Trust and financial climate by digital-remittance intensity,Stata-generated analytical output,1 Code/2 Analysis_CFI DPI Migrant Women Colombia.do; packaged by Section 18,Authoritative analytical artifact
D,D Descriptive Evidence/figures/fig35_5barries.png,Five most frequently reported barriers,Stata-generated analytical output,1 Code/2 Analysis_CFI DPI Migrant Women Colombia.do; packaged by Section 18,Authoritative analytical artifact
D,D Descriptive Evidence/figures/fig36_top5_enablers.png,Five most frequently requested enabling supports,Stata-generated analytical output,1 Code/2 Analysis_CFI DPI Migrant Women Colombia.do; packaged by Section 18,Authoritative analytical artifact
D,D Descriptive Evidence/figures/fig37_training_topics.png,Priority training topics,Stata-generated analytical output,1 Code/2 Analysis_CFI DPI Migrant Women Colombia.do; packaged by Section 18,Authoritative analytical artifact
D,D Descriptive Evidence/figures/fig38_ibpd_ivs.png,Perceived digitalization barriers by socioeconomic vulnerability,Stata-generated analytical output,1 Code/2 Analysis_CFI DPI Migrant Women Colombia.do; packaged by Section 18,Authoritative analytical artifact
D,D Descriptive Evidence/figures/fig39_ibpd_vs_iat.png,Perceived digitalization barriers by telecommunications access,Stata-generated analytical output,1 Code/2 Analysis_CFI DPI Migrant Women Colombia.do; packaged by Section 18,Authoritative analytical artifact
D,D Descriptive Evidence/tables/Table_D1_Extended_Categorical_Distributions.csv,Extended categorical distributions,Stata-generated aggregate table,"1 Code/2 Analysis_CFI DPI Migrant Women Colombia.do, Section 18",Regenerated from the final aggregate analytical dataset
D,D Descriptive Evidence/tables/Table_D2_Multiple_Response_Prevalence.csv,Multiple-response prevalence,Stata-generated aggregate table,"1 Code/2 Analysis_CFI DPI Migrant Women Colombia.do, Section 18",Regenerated from the final aggregate analytical dataset
E,E Multivariate Regressions/figures/fig40_coef_iurd.png,Coefficient plot: digital-remittance and payment intensity (IURD),Stata-generated analytical output,1 Code/2 Analysis_CFI DPI Migrant Women Colombia.do; packaged by Section 18,Authoritative analytical artifact
E,E Multivariate Regressions/figures/fig41_ame_formal_remittance.png,Average marginal effects: formal remittance-channel use,Stata-generated analytical output,1 Code/2 Analysis_CFI DPI Migrant Women Colombia.do; packaged by Section 18,Authoritative analytical artifact
E,E Multivariate Regressions/figures/fig42_coef_iuof.png,Coefficient plot: financial use and operability (IUOF),Stata-generated analytical output,1 Code/2 Analysis_CFI DPI Migrant Women Colombia.do; packaged by Section 18,Authoritative analytical artifact
E,E Multivariate Regressions/figures/fig43_coef_ietr.png,Coefficient plot: transactional experience (IETR),Stata-generated analytical output,1 Code/2 Analysis_CFI DPI Migrant Women Colombia.do; packaged by Section 18,Authoritative analytical artifact
E,E Multivariate Regressions/figures/fig44_coef_oqi.png,Coefficient plot: onboarding quality (OQI),Stata-generated analytical output,1 Code/2 Analysis_CFI DPI Migrant Women Colombia.do; packaged by Section 18,Authoritative analytical artifact
E,E Multivariate Regressions/figures/fig45_coef_ipcs.png,Coefficient plot: prevention and safe conduct (IPCS),Stata-generated analytical output,1 Code/2 Analysis_CFI DPI Migrant Women Colombia.do; packaged by Section 18,Authoritative analytical artifact
E,E Multivariate Regressions/figures/fig46_coef_iedf.png,Coefficient plot: fraud exposure and recourse harm (IEDF),Stata-generated analytical output,1 Code/2 Analysis_CFI DPI Migrant Women Colombia.do; packaged by Section 18,Authoritative analytical artifact
E,E Multivariate Regressions/figures/fig47_coef_iaer.png,Coefficient plot: economic autonomy in remittances (IAER),Stata-generated analytical output,1 Code/2 Analysis_CFI DPI Migrant Women Colombia.do; packaged by Section 18,Authoritative analytical artifact
E,E Multivariate Regressions/figures/fig48_coef_icpf.png,Coefficient plot: trust and financial climate (ICPF),Stata-generated analytical output,1 Code/2 Analysis_CFI DPI Migrant Women Colombia.do; packaged by Section 18,Authoritative analytical artifact
E,E Multivariate Regressions/figures/fig49_interaction_iurd_ivs_iat.png,Interaction: socioeconomic vulnerability and telecommunications access,Stata-generated analytical output,1 Code/2 Analysis_CFI DPI Migrant Women Colombia.do; packaged by Section 18,Authoritative analytical artifact
E,E Multivariate Regressions/figures/fig50_interaction_formal_years_iaff.png,Interaction: migration tenure and formal financial access,Stata-generated analytical output,1 Code/2 Analysis_CFI DPI Migrant Women Colombia.do; packaged by Section 18,Authoritative analytical artifact
E,E Multivariate Regressions/figures/fig51_interaction_ietr_icdp_oqi.png,Interaction: practical digital competence and onboarding quality,Stata-generated analytical output,1 Code/2 Analysis_CFI DPI Migrant Women Colombia.do; packaged by Section 18,Authoritative analytical artifact
E,E Multivariate Regressions/figures/fig52_interaction_iurd_iedf_icpf.png,Interaction: fraud harm and trust/financial climate,Stata-generated analytical output,1 Code/2 Analysis_CFI DPI Migrant Women Colombia.do; packaged by Section 18,Authoritative analytical artifact
E,E Multivariate Regressions/tables/Table_E1_IURD.txt,Digital-remittance and payment intensity (IURD),Stata-generated analytical output,1 Code/2 Analysis_CFI DPI Migrant Women Colombia.do; packaged by Section 18,Authoritative analytical artifact
E,E Multivariate Regressions/tables/Table_E2_Formal_Remittance.txt,Formal remittance-channel use,Stata-generated analytical output,1 Code/2 Analysis_CFI DPI Migrant Women Colombia.do; packaged by Section 18,Authoritative analytical artifact
E,E Multivariate Regressions/tables/Table_E3_IUOF.txt,Financial use and operability (IUOF),Stata-generated analytical output,1 Code/2 Analysis_CFI DPI Migrant Women Colombia.do; packaged by Section 18,Authoritative analytical artifact
E,E Multivariate Regressions/tables/Table_E4_IETR.txt,Transactional experience in remittances and payments (IETR),Stata-generated analytical output,1 Code/2 Analysis_CFI DPI Migrant Women Colombia.do; packaged by Section 18,Authoritative analytical artifact
E,E Multivariate Regressions/tables/Table_E5_OQI.txt,Onboarding quality (OQI),Stata-generated analytical output,1 Code/2 Analysis_CFI DPI Migrant Women Colombia.do; packaged by Section 18,Authoritative analytical artifact
E,E Multivariate Regressions/tables/Table_E6_IPCS.txt,Prevention and safe conduct (IPCS),Stata-generated analytical output,1 Code/2 Analysis_CFI DPI Migrant Women Colombia.do; packaged by Section 18,Authoritative analytical artifact
E,E Multivariate Regressions/tables/Table_E7_IEDF.txt,Fraud exposure and recourse harm (IEDF),Stata-generated analytical output,1 Code/2 Analysis_CFI DPI Migrant Women Colombia.do; packaged by Section 18,Authoritative analytical artifact
E,E Multivariate Regressions/tables/Table_E8_IAER.txt,Economic autonomy in remittances (IAER),Stata-generated analytical output,1 Code/2 Analysis_CFI DPI Migrant Women Colombia.do; packaged by Section 18,Authoritative analytical artifact
E,E Multivariate Regressions/tables/Table_E9_ICPF.txt,Trust and financial climate (ICPF),Stata-generated analytical output,1 Code/2 Analysis_CFI DPI Migrant Women Colombia.do; packaged by Section 18,Authoritative analytical artifact
E,E Multivariate Regressions/tables/Table_E10_Interactions.txt,Interaction specifications,Stata-generated analytical output,1 Code/2 Analysis_CFI DPI Migrant Women Colombia.do; packaged by Section 18,Authoritative analytical artifact
E,E Multivariate Regressions/tables/Table_E11_Supplementary_Items.txt,Supplementary item-level models,Stata-generated analytical output,1 Code/2 Analysis_CFI DPI Migrant Women Colombia.do; packaged by Section 18,Authoritative analytical artifact
F,F LCA Diagnostics/figures/cat_distribution_iadt_cat.png,Categorical distribution of iadt,Stata-generated analytical output,1 Code/2 Analysis_CFI DPI Migrant Women Colombia.do; packaged by Section 18,Authoritative analytical artifact
F,F LCA Diagnostics/figures/cat_distribution_iaer_cat.png,Categorical distribution of economic autonomy (IAER),Stata-generated analytical output,1 Code/2 Analysis_CFI DPI Migrant Women Colombia.do; packaged by Section 18,Authoritative analytical artifact
F,F LCA Diagnostics/figures/cat_distribution_iaff_cat.png,Categorical distribution of iaff,Stata-generated analytical output,1 Code/2 Analysis_CFI DPI Migrant Women Colombia.do; packaged by Section 18,Authoritative analytical artifact
F,F LCA Diagnostics/figures/cat_distribution_iat_cat.png,Categorical distribution of iat,Stata-generated analytical output,1 Code/2 Analysis_CFI DPI Migrant Women Colombia.do; packaged by Section 18,Authoritative analytical artifact
F,F LCA Diagnostics/figures/cat_distribution_ibpd_cat.png,Categorical distribution of perceived digitalization barriers (IBPD),Stata-generated analytical output,1 Code/2 Analysis_CFI DPI Migrant Women Colombia.do; packaged by Section 18,Authoritative analytical artifact
F,F LCA Diagnostics/figures/cat_distribution_icdp_cat.png,Categorical distribution of icdp,Stata-generated analytical output,1 Code/2 Analysis_CFI DPI Migrant Women Colombia.do; packaged by Section 18,Authoritative analytical artifact
F,F LCA Diagnostics/figures/cat_distribution_icpf_cat.png,Categorical distribution of trust and financial climate (ICPF),Stata-generated analytical output,1 Code/2 Analysis_CFI DPI Migrant Women Colombia.do; packaged by Section 18,Authoritative analytical artifact
F,F LCA Diagnostics/figures/cat_distribution_iedf_cat.png,Categorical distribution of fraud exposure and recourse harm (IEDF),Stata-generated analytical output,1 Code/2 Analysis_CFI DPI Migrant Women Colombia.do; packaged by Section 18,Authoritative analytical artifact
F,F LCA Diagnostics/figures/cat_distribution_ieh_cat.png,Categorical distribution of enabling environment (IEH),Stata-generated analytical output,1 Code/2 Analysis_CFI DPI Migrant Women Colombia.do; packaged by Section 18,Authoritative analytical artifact
F,F LCA Diagnostics/figures/cat_distribution_ietr_cat.png,Categorical distribution of ietr,Stata-generated analytical output,1 Code/2 Analysis_CFI DPI Migrant Women Colombia.do; packaged by Section 18,Authoritative analytical artifact
F,F LCA Diagnostics/figures/cat_distribution_ipcs_cat.png,Categorical distribution of prevention and safe conduct (IPCS),Stata-generated analytical output,1 Code/2 Analysis_CFI DPI Migrant Women Colombia.do; packaged by Section 18,Authoritative analytical artifact
F,F LCA Diagnostics/figures/cat_distribution_iuof_cat.png,Categorical distribution of iuof,Stata-generated analytical output,1 Code/2 Analysis_CFI DPI Migrant Women Colombia.do; packaged by Section 18,Authoritative analytical artifact
F,F LCA Diagnostics/figures/cat_distribution_iurd_cat.png,Categorical distribution of iurd,Stata-generated analytical output,1 Code/2 Analysis_CFI DPI Migrant Women Colombia.do; packaged by Section 18,Authoritative analytical artifact
F,F LCA Diagnostics/figures/cat_distribution_ivs_cat.png,Categorical distribution of ivs,Stata-generated analytical output,1 Code/2 Analysis_CFI DPI Migrant Women Colombia.do; packaged by Section 18,Authoritative analytical artifact
F,F LCA Diagnostics/figures/cat_distribution_oqi_cat.png,Categorical distribution of oqi,Stata-generated analytical output,1 Code/2 Analysis_CFI DPI Migrant Women Colombia.do; packaged by Section 18,Authoritative analytical artifact
F,F LCA Diagnostics/figures/dist_box_iadt_score.png,Box plot of digital transactional self-efficacy (IADT),Stata-generated analytical output,1 Code/2 Analysis_CFI DPI Migrant Women Colombia.do; packaged by Section 18,Authoritative analytical artifact
F,F LCA Diagnostics/figures/dist_box_iaer.png,Box plot of economic autonomy (IAER),Stata-generated analytical output,1 Code/2 Analysis_CFI DPI Migrant Women Colombia.do; packaged by Section 18,Authoritative analytical artifact
F,F LCA Diagnostics/figures/dist_box_iaff_score.png,Box plot of formal financial access (IAFF),Stata-generated analytical output,1 Code/2 Analysis_CFI DPI Migrant Women Colombia.do; packaged by Section 18,Authoritative analytical artifact
F,F LCA Diagnostics/figures/dist_box_iat_score.png,Box plot of telecommunications access (IAT),Stata-generated analytical output,1 Code/2 Analysis_CFI DPI Migrant Women Colombia.do; packaged by Section 18,Authoritative analytical artifact
F,F LCA Diagnostics/figures/dist_box_ibpd.png,Box plot of perceived digitalization barriers (IBPD),Stata-generated analytical output,1 Code/2 Analysis_CFI DPI Migrant Women Colombia.do; packaged by Section 18,Authoritative analytical artifact
F,F LCA Diagnostics/figures/dist_box_icdp_score.png,Box plot of practical digital competence (ICDP),Stata-generated analytical output,1 Code/2 Analysis_CFI DPI Migrant Women Colombia.do; packaged by Section 18,Authoritative analytical artifact
F,F LCA Diagnostics/figures/dist_box_icpf.png,Box plot of trust and financial climate (ICPF),Stata-generated analytical output,1 Code/2 Analysis_CFI DPI Migrant Women Colombia.do; packaged by Section 18,Authoritative analytical artifact
F,F LCA Diagnostics/figures/dist_box_iedf.png,Box plot of fraud exposure and recourse harm (IEDF),Stata-generated analytical output,1 Code/2 Analysis_CFI DPI Migrant Women Colombia.do; packaged by Section 18,Authoritative analytical artifact
F,F LCA Diagnostics/figures/dist_box_ieh.png,Box plot of enabling environment (IEH),Stata-generated analytical output,1 Code/2 Analysis_CFI DPI Migrant Women Colombia.do; packaged by Section 18,Authoritative analytical artifact
F,F LCA Diagnostics/figures/dist_box_ietr_score_01.png,Box plot of transactional experience (IETR),Stata-generated analytical output,1 Code/2 Analysis_CFI DPI Migrant Women Colombia.do; packaged by Section 18,Authoritative analytical artifact
F,F LCA Diagnostics/figures/dist_box_ipcs.png,Box plot of prevention and safe conduct (IPCS),Stata-generated analytical output,1 Code/2 Analysis_CFI DPI Migrant Women Colombia.do; packaged by Section 18,Authoritative analytical artifact
F,F LCA Diagnostics/figures/dist_box_iuof_score_01.png,Box plot of financial use and operability (IUOF),Stata-generated analytical output,1 Code/2 Analysis_CFI DPI Migrant Women Colombia.do; packaged by Section 18,Authoritative analytical artifact
F,F LCA Diagnostics/figures/dist_box_iurd_score_01.png,Box plot of digital-remittance and payment intensity (IURD),Stata-generated analytical output,1 Code/2 Analysis_CFI DPI Migrant Women Colombia.do; packaged by Section 18,Authoritative analytical artifact
F,F LCA Diagnostics/figures/dist_box_ivs_score.png,Box plot of socioeconomic vulnerability (IVS),Stata-generated analytical output,1 Code/2 Analysis_CFI DPI Migrant Women Colombia.do; packaged by Section 18,Authoritative analytical artifact
F,F LCA Diagnostics/figures/dist_box_oqi_score_01.png,Box plot of onboarding quality (OQI),Stata-generated analytical output,1 Code/2 Analysis_CFI DPI Migrant Women Colombia.do; packaged by Section 18,Authoritative analytical artifact
F,F LCA Diagnostics/figures/dist_hist_iadt_score.png,Histogram of digital transactional self-efficacy (IADT),Stata-generated analytical output,1 Code/2 Analysis_CFI DPI Migrant Women Colombia.do; packaged by Section 18,Authoritative analytical artifact
F,F LCA Diagnostics/figures/dist_hist_iaer.png,Histogram of economic autonomy (IAER),Stata-generated analytical output,1 Code/2 Analysis_CFI DPI Migrant Women Colombia.do; packaged by Section 18,Authoritative analytical artifact
F,F LCA Diagnostics/figures/dist_hist_iaff_score.png,Histogram of formal financial access (IAFF),Stata-generated analytical output,1 Code/2 Analysis_CFI DPI Migrant Women Colombia.do; packaged by Section 18,Authoritative analytical artifact
F,F LCA Diagnostics/figures/dist_hist_iat_score.png,Histogram of telecommunications access (IAT),Stata-generated analytical output,1 Code/2 Analysis_CFI DPI Migrant Women Colombia.do; packaged by Section 18,Authoritative analytical artifact
F,F LCA Diagnostics/figures/dist_hist_ibpd.png,Histogram of perceived digitalization barriers (IBPD),Stata-generated analytical output,1 Code/2 Analysis_CFI DPI Migrant Women Colombia.do; packaged by Section 18,Authoritative analytical artifact
F,F LCA Diagnostics/figures/dist_hist_icdp_score.png,Histogram of practical digital competence (ICDP),Stata-generated analytical output,1 Code/2 Analysis_CFI DPI Migrant Women Colombia.do; packaged by Section 18,Authoritative analytical artifact
F,F LCA Diagnostics/figures/dist_hist_icpf.png,Histogram of trust and financial climate (ICPF),Stata-generated analytical output,1 Code/2 Analysis_CFI DPI Migrant Women Colombia.do; packaged by Section 18,Authoritative analytical artifact
F,F LCA Diagnostics/figures/dist_hist_iedf.png,Histogram of fraud exposure and recourse harm (IEDF),Stata-generated analytical output,1 Code/2 Analysis_CFI DPI Migrant Women Colombia.do; packaged by Section 18,Authoritative analytical artifact
F,F LCA Diagnostics/figures/dist_hist_ieh.png,Histogram of enabling environment (IEH),Stata-generated analytical output,1 Code/2 Analysis_CFI DPI Migrant Women Colombia.do; packaged by Section 18,Authoritative analytical artifact
F,F LCA Diagnostics/figures/dist_hist_ietr_score_01.png,Histogram of transactional experience (IETR),Stata-generated analytical output,1 Code/2 Analysis_CFI DPI Migrant Women Colombia.do; packaged by Section 18,Authoritative analytical artifact
F,F LCA Diagnostics/figures/dist_hist_ipcs.png,Histogram of prevention and safe conduct (IPCS),Stata-generated analytical output,1 Code/2 Analysis_CFI DPI Migrant Women Colombia.do; packaged by Section 18,Authoritative analytical artifact
F,F LCA Diagnostics/figures/dist_hist_iuof_score_01.png,Histogram of financial use and operability (IUOF),Stata-generated analytical output,1 Code/2 Analysis_CFI DPI Migrant Women Colombia.do; packaged by Section 18,Authoritative analytical artifact
F,F LCA Diagnostics/figures/dist_hist_iurd_score_01.png,Histogram of digital-remittance and payment intensity (IURD),Stata-generated analytical output,1 Code/2 Analysis_CFI DPI Migrant Women Colombia.do; packaged by Section 18,Authoritative analytical artifact
F,F LCA Diagnostics/figures/dist_hist_ivs_score.png,Histogram of socioeconomic vulnerability (IVS),Stata-generated analytical output,1 Code/2 Analysis_CFI DPI Migrant Women Colombia.do; packaged by Section 18,Authoritative analytical artifact
F,F LCA Diagnostics/figures/dist_hist_oqi_score_01.png,Histogram of onboarding quality (OQI),Stata-generated analytical output,1 Code/2 Analysis_CFI DPI Migrant Women Colombia.do; packaged by Section 18,Authoritative analytical artifact
F,F LCA Diagnostics/figures/dist_kdensity_iadt_score.png,Kernel density of digital transactional self-efficacy (IADT),Stata-generated analytical output,1 Code/2 Analysis_CFI DPI Migrant Women Colombia.do; packaged by Section 18,Authoritative analytical artifact
F,F LCA Diagnostics/figures/dist_kdensity_iaer.png,Kernel density of economic autonomy (IAER),Stata-generated analytical output,1 Code/2 Analysis_CFI DPI Migrant Women Colombia.do; packaged by Section 18,Authoritative analytical artifact
F,F LCA Diagnostics/figures/dist_kdensity_iaff_score.png,Kernel density of formal financial access (IAFF),Stata-generated analytical output,1 Code/2 Analysis_CFI DPI Migrant Women Colombia.do; packaged by Section 18,Authoritative analytical artifact
F,F LCA Diagnostics/figures/dist_kdensity_iat_score.png,Kernel density of telecommunications access (IAT),Stata-generated analytical output,1 Code/2 Analysis_CFI DPI Migrant Women Colombia.do; packaged by Section 18,Authoritative analytical artifact
F,F LCA Diagnostics/figures/dist_kdensity_ibpd.png,Kernel density of perceived digitalization barriers (IBPD),Stata-generated analytical output,1 Code/2 Analysis_CFI DPI Migrant Women Colombia.do; packaged by Section 18,Authoritative analytical artifact
F,F LCA Diagnostics/figures/dist_kdensity_icdp_score.png,Kernel density of practical digital competence (ICDP),Stata-generated analytical output,1 Code/2 Analysis_CFI DPI Migrant Women Colombia.do; packaged by Section 18,Authoritative analytical artifact
F,F LCA Diagnostics/figures/dist_kdensity_icpf.png,Kernel density of trust and financial climate (ICPF),Stata-generated analytical output,1 Code/2 Analysis_CFI DPI Migrant Women Colombia.do; packaged by Section 18,Authoritative analytical artifact
F,F LCA Diagnostics/figures/dist_kdensity_iedf.png,Kernel density of fraud exposure and recourse harm (IEDF),Stata-generated analytical output,1 Code/2 Analysis_CFI DPI Migrant Women Colombia.do; packaged by Section 18,Authoritative analytical artifact
F,F LCA Diagnostics/figures/dist_kdensity_ieh.png,Kernel density of enabling environment (IEH),Stata-generated analytical output,1 Code/2 Analysis_CFI DPI Migrant Women Colombia.do; packaged by Section 18,Authoritative analytical artifact
F,F LCA Diagnostics/figures/dist_kdensity_ietr_score_01.png,Kernel density of transactional experience (IETR),Stata-generated analytical output,1 Code/2 Analysis_CFI DPI Migrant Women Colombia.do; packaged by Section 18,Authoritative analytical artifact
F,F LCA Diagnostics/figures/dist_kdensity_ipcs.png,Kernel density of prevention and safe conduct (IPCS),Stata-generated analytical output,1 Code/2 Analysis_CFI DPI Migrant Women Colombia.do; packaged by Section 18,Authoritative analytical artifact
F,F LCA Diagnostics/figures/dist_kdensity_iuof_score_01.png,Kernel density of financial use and operability (IUOF),Stata-generated analytical output,1 Code/2 Analysis_CFI DPI Migrant Women Colombia.do; packaged by Section 18,Authoritative analytical artifact
F,F LCA Diagnostics/figures/dist_kdensity_iurd_score_01.png,Kernel density of digital-remittance and payment intensity (IURD),Stata-generated analytical output,1 Code/2 Analysis_CFI DPI Migrant Women Colombia.do; packaged by Section 18,Authoritative analytical artifact
F,F LCA Diagnostics/figures/dist_kdensity_ivs_score.png,Kernel density of socioeconomic vulnerability (IVS),Stata-generated analytical output,1 Code/2 Analysis_CFI DPI Migrant Women Colombia.do; packaged by Section 18,Authoritative analytical artifact
F,F LCA Diagnostics/figures/dist_kdensity_oqi_score_01.png,Kernel density of onboarding quality (OQI),Stata-generated analytical output,1 Code/2 Analysis_CFI DPI Migrant Women Colombia.do; packaged by Section 18,Authoritative analytical artifact
F,F LCA Diagnostics/figures/figc1_index_distributions.png,Combined index distributions,Stata-generated analytical output,1 Code/2 Analysis_CFI DPI Migrant Women Colombia.do; packaged by Section 18,Authoritative analytical artifact
F,F LCA Diagnostics/figures/figc1a_index_histograms.png,Index histogram panel,Stata-generated analytical output,1 Code/2 Analysis_CFI DPI Migrant Women Colombia.do; packaged by Section 18,Authoritative analytical artifact
F,F LCA Diagnostics/figures/figc2_correlation_heatmap.png,Index correlation heatmap,Stata-generated analytical output,1 Code/2 Analysis_CFI DPI Migrant Women Colombia.do; packaged by Section 18,Authoritative analytical artifact
F,F LCA Diagnostics/figures/figc6_final_class_profile_probabilities.png,Final class-profile probabilities,Stata-generated analytical output,1 Code/2 Analysis_CFI DPI Migrant Women Colombia.do; packaged by Section 18,Authoritative analytical artifact
F,F LCA Diagnostics/figures/figc7_final_class_centroids_standardized.png,Standardized class centroids,Stata-generated analytical output,1 Code/2 Analysis_CFI DPI Migrant Women Colombia.do; packaged by Section 18,Authoritative analytical artifact
F,F LCA Diagnostics/figures/figc8_final_class_sizes.png,Final segment sizes,Stata-generated analytical output,1 Code/2 Analysis_CFI DPI Migrant Women Colombia.do; packaged by Section 18,Authoritative analytical artifact
F,F LCA Diagnostics/figures/figc9_posterior_certainty.png,Posterior classification certainty,Stata-generated analytical output,1 Code/2 Analysis_CFI DPI Migrant Women Colombia.do; packaged by Section 18,Authoritative analytical artifact
F,F LCA Diagnostics/figures/figc9a_posterior_probability_distribution.png,Posterior-probability distribution,Stata-generated analytical output,1 Code/2 Analysis_CFI DPI Migrant Women Colombia.do; packaged by Section 18,Authoritative analytical artifact
F,F LCA Diagnostics/figures/figc9b_posterior_certainty_by_segment.png,Posterior certainty by segment,Stata-generated analytical output,1 Code/2 Analysis_CFI DPI Migrant Women Colombia.do; packaged by Section 18,Authoritative analytical artifact
F,F LCA Diagnostics/figures/figc10_outcome_means_by_segment_slides.png,Outcome means by segment (presentation layout),Stata-generated analytical output,1 Code/2 Analysis_CFI DPI Migrant Women Colombia.do; packaged by Section 18,Authoritative analytical artifact
F,F LCA Diagnostics/figures/figc10_outcome_means_by_segment.png,Outcome means by segment,Stata-generated analytical output,1 Code/2 Analysis_CFI DPI Migrant Women Colombia.do; packaged by Section 18,Authoritative analytical artifact
F,F LCA Diagnostics/figures/figc10a_class_defining_outcomes.png,Class-defining outcomes,Stata-generated analytical output,1 Code/2 Analysis_CFI DPI Migrant Women Colombia.do; packaged by Section 18,Authoritative analytical artifact
F,F LCA Diagnostics/figures/figc10b_external_outcomes_mechanisms.png,External outcomes and mechanisms,Stata-generated analytical output,1 Code/2 Analysis_CFI DPI Migrant Women Colombia.do; packaged by Section 18,Authoritative analytical artifact
F,F LCA Diagnostics/tables/Table_F1_Sample_Integrity.xlsx,Sample integrity,Stata-generated analytical output,1 Code/2 Analysis_CFI DPI Migrant Women Colombia.do; packaged by Section 18,Authoritative analytical artifact
F,F LCA Diagnostics/tables/Table_F2_Indicator_Inventory.xlsx,Indicator inventory,Stata-generated analytical output,1 Code/2 Analysis_CFI DPI Migrant Women Colombia.do; packaged by Section 18,Authoritative analytical artifact
F,F LCA Diagnostics/tables/Table_F3_Missingness_and_Unique_Values.xlsx,Missingness and unique values,Stata-generated analytical output,1 Code/2 Analysis_CFI DPI Migrant Women Colombia.do; packaged by Section 18,Authoritative analytical artifact
F,F LCA Diagnostics/tables/Table_F4_Category_Distributions.xlsx,Category distributions,Stata-generated analytical output,1 Code/2 Analysis_CFI DPI Migrant Women Colombia.do; packaged by Section 18,Authoritative analytical artifact
F,F LCA Diagnostics/tables/Table_F5_Pairwise_Associations.xlsx,Pairwise associations,Stata-generated analytical output,1 Code/2 Analysis_CFI DPI Migrant Women Colombia.do; packaged by Section 18,Authoritative analytical artifact
F,F LCA Diagnostics/tables/Table_F6_LCA_Recoding.xlsx,LCA recoding,Stata-generated analytical output,1 Code/2 Analysis_CFI DPI Migrant Women Colombia.do; packaged by Section 18,Authoritative analytical artifact
F,F LCA Diagnostics/tables/Table_F7_Feature_Sets.xlsx,Feature sets,Stata-generated analytical output,1 Code/2 Analysis_CFI DPI Migrant Women Colombia.do; packaged by Section 18,Authoritative analytical artifact
F,F LCA Diagnostics/tables/Table_F8_Model_Selection.xlsx,Model selection,Stata-generated analytical output,1 Code/2 Analysis_CFI DPI Migrant Women Colombia.do; packaged by Section 18,Authoritative analytical artifact
F,F LCA Diagnostics/tables/Table_F9_Final_LCA_Fit.xlsx,Final LCA fit,Stata-generated analytical output,1 Code/2 Analysis_CFI DPI Migrant Women Colombia.do; packaged by Section 18,Authoritative analytical artifact
F,F LCA Diagnostics/tables/Table_F10_Posterior_Certainty.xlsx,Posterior certainty,Stata-generated analytical output,1 Code/2 Analysis_CFI DPI Migrant Women Colombia.do; packaged by Section 18,Authoritative analytical artifact
F,F LCA Diagnostics/tables/Table_F11_Minimal_Response_Patterns.xlsx,Minimal response patterns,Stata-generated analytical output,1 Code/2 Analysis_CFI DPI Migrant Women Colombia.do; packaged by Section 18,Authoritative analytical artifact
F,F LCA Diagnostics/tables/Table_F12_Minimal_Fit_Summary.xlsx,Minimal fit summary,Stata-generated analytical output,1 Code/2 Analysis_CFI DPI Migrant Women Colombia.do; packaged by Section 18,Authoritative analytical artifact
F,F LCA Diagnostics/tables/Table_F13_Minimal_Class_Profiles.xlsx,Minimal class profiles,Stata-generated analytical output,1 Code/2 Analysis_CFI DPI Migrant Women Colombia.do; packaged by Section 18,Authoritative analytical artifact
F,F LCA Diagnostics/tables/Table_F14_Hybrid_Distribution_Diagnostics.xlsx,Hybrid distribution diagnostics,Stata-generated analytical output,1 Code/2 Analysis_CFI DPI Migrant Women Colombia.do; packaged by Section 18,Authoritative analytical artifact
F,F LCA Diagnostics/tables/Table_F15_Hybrid_Category_Distributions.xlsx,Hybrid category distributions,Stata-generated analytical output,1 Code/2 Analysis_CFI DPI Migrant Women Colombia.do; packaged by Section 18,Authoritative analytical artifact
F,F LCA Diagnostics/tables/Table_F16_Hybrid_Response_Patterns.xlsx,Hybrid response patterns,Stata-generated analytical output,1 Code/2 Analysis_CFI DPI Migrant Women Colombia.do; packaged by Section 18,Authoritative analytical artifact
F,F LCA Diagnostics/tables/Table_F17_Hybrid_Fit_Summary.xlsx,Hybrid fit summary,Stata-generated analytical output,1 Code/2 Analysis_CFI DPI Migrant Women Colombia.do; packaged by Section 18,Authoritative analytical artifact
F,F LCA Diagnostics/tables/Table_F18_Hybrid_Class_Profiles.xlsx,Hybrid class profiles,Stata-generated analytical output,1 Code/2 Analysis_CFI DPI Migrant Women Colombia.do; packaged by Section 18,Authoritative analytical artifact
G,G Segment Profiles/figures/Figure_G1_Class_Profile_Probabilities.png,Class-profile probabilities,Stata-generated analytical output,1 Code/2 Analysis_CFI DPI Migrant Women Colombia.do; packaged by Section 18,Authoritative analytical artifact
G,G Segment Profiles/figures/Figure_G2_Standardized_Centroids.png,Standardized segment centroids,Stata-generated analytical output,1 Code/2 Analysis_CFI DPI Migrant Women Colombia.do; packaged by Section 18,Authoritative analytical artifact
G,G Segment Profiles/figures/Figure_G3_Segment_Sizes.png,Segment sizes,Stata-generated analytical output,1 Code/2 Analysis_CFI DPI Migrant Women Colombia.do; packaged by Section 18,Authoritative analytical artifact
G,G Segment Profiles/figures/Figure_G4_Posterior_Probability_Distribution.png,Posterior-probability distribution,Stata-generated analytical output,1 Code/2 Analysis_CFI DPI Migrant Women Colombia.do; packaged by Section 18,Authoritative analytical artifact
G,G Segment Profiles/figures/Figure_G5_Posterior_Certainty_by_Segment.png,Posterior certainty by segment,Stata-generated analytical output,1 Code/2 Analysis_CFI DPI Migrant Women Colombia.do; packaged by Section 18,Authoritative analytical artifact
G,G Segment Profiles/figures/Figure_G6_Class_Defining_Outcomes.png,Class-defining outcomes,Stata-generated analytical output,1 Code/2 Analysis_CFI DPI Migrant Women Colombia.do; packaged by Section 18,Authoritative analytical artifact
G,G Segment Profiles/figures/Figure_G7_Auxiliary_Outcomes_and_Mechanisms.png,Auxiliary outcomes and mechanisms,Stata-generated analytical output,1 Code/2 Analysis_CFI DPI Migrant Women Colombia.do; packaged by Section 18,Authoritative analytical artifact
G,G Segment Profiles/tables/Table_G1_Class_Mapping_and_Labels.xlsx,Class mapping and labels,Stata-generated analytical output,1 Code/2 Analysis_CFI DPI Migrant Women Colombia.do; packaged by Section 18,Authoritative analytical artifact
G,G Segment Profiles/tables/Table_G2_Conditional_Response_Probabilities.xlsx,Conditional response probabilities,Stata-generated analytical output,1 Code/2 Analysis_CFI DPI Migrant Women Colombia.do; packaged by Section 18,Authoritative analytical artifact
G,G Segment Profiles/tables/Table_G3_Segment_Size_and_Certainty.xlsx,Segment size and certainty,Stata-generated analytical output,1 Code/2 Analysis_CFI DPI Migrant Women Colombia.do; packaged by Section 18,Authoritative analytical artifact
G,G Segment Profiles/tables/Table_G4_Continuous_Index_Centroids.xlsx,Continuous-index centroids,Stata-generated analytical output,1 Code/2 Analysis_CFI DPI Migrant Women Colombia.do; packaged by Section 18,Authoritative analytical artifact
G,G Segment Profiles/tables/Table_G5_Signature_Behaviors.xlsx,Signature behaviors,Stata-generated analytical output,1 Code/2 Analysis_CFI DPI Migrant Women Colombia.do; packaged by Section 18,Authoritative analytical artifact
G,G Segment Profiles/tables/Table_G6_Demographic_Profile.xlsx,Demographic profile,Stata-generated analytical output,1 Code/2 Analysis_CFI DPI Migrant Women Colombia.do; packaged by Section 18,Authoritative analytical artifact
G,G Segment Profiles/tables/Table_G7_Financial_Behavior_Profile.xlsx,Financial-behavior profile,Stata-generated analytical output,1 Code/2 Analysis_CFI DPI Migrant Women Colombia.do; packaged by Section 18,Authoritative analytical artifact
G,G Segment Profiles/tables/Table_G8_Risk_Autonomy_and_Support.xlsx,"Risk, autonomy, and support",Stata-generated analytical output,1 Code/2 Analysis_CFI DPI Migrant Women Colombia.do; packaged by Section 18,Authoritative analytical artifact
G,G Segment Profiles/tables/Table_G9_Core_Outcomes.xlsx,Core outcomes,Stata-generated analytical output,1 Code/2 Analysis_CFI DPI Migrant Women Colombia.do; packaged by Section 18,Authoritative analytical artifact
G,G Segment Profiles/tables/Table_G10_Multinomial_Predictors.txt,Multinomial predictors,Stata-generated analytical output,1 Code/2 Analysis_CFI DPI Migrant Women Colombia.do; packaged by Section 18,Authoritative analytical artifact
G,G Segment Profiles/tables/Table_G11_Average_Marginal_Effects.txt,Average marginal effects,Stata-generated analytical output,1 Code/2 Analysis_CFI DPI Migrant Women Colombia.do; packaged by Section 18,Authoritative analytical artifact
G,G Segment Profiles/tables/Table_G12_Multinomial_Joint_Tests.xlsx,Multinomial joint tests,Stata-generated analytical output,1 Code/2 Analysis_CFI DPI Migrant Women Colombia.do; packaged by Section 18,Authoritative analytical artifact
G,G Segment Profiles/tables/Table_G13_Segment_Outcome_Regressions.txt,Segment-outcome regressions,Stata-generated analytical output,1 Code/2 Analysis_CFI DPI Migrant Women Colombia.do; packaged by Section 18,Authoritative analytical artifact
G,G Segment Profiles/tables/Table_G14_Segment_Outcome_Joint_Tests.xlsx,Segment-outcome joint tests,Stata-generated analytical output,1 Code/2 Analysis_CFI DPI Migrant Women Colombia.do; packaged by Section 18,Authoritative analytical artifact
G,G Segment Profiles/tables/Table_G15_Full_Class_Profiles.xlsx,Full class profiles,Stata-generated analytical output,1 Code/2 Analysis_CFI DPI Migrant Women Colombia.do; packaged by Section 18,Authoritative analytical artifact
G,G Segment Profiles/tables/Table_G16_Segment_Centroids.xlsx,Segment centroids,Stata-generated analytical output,1 Code/2 Analysis_CFI DPI Migrant Women Colombia.do; packaged by Section 18,Authoritative analytical artifact
G,G Segment Profiles/tables/Table_G17_Policy_Typology.xlsx,Policy typology,Stata-generated analytical output,1 Code/2 Analysis_CFI DPI Migrant Women Colombia.do; packaged by Section 18,Authoritative analytical artifact
