appendix,file_type,file,title,bytes,sha256
A,html,A Research Instrument/Appendix_A1_Quantitative_Survey_Questionnaire.html,Appendix_A1_Quantitative_Survey_Questionnaire,362698,4c49e9f2bda58d4bb34dd765a810239b93f44799047cd1aeb0a7713bb75974e4
A,md,A Research Instrument/README.md,README,417,6ceef4899273a0ee6e8dcd1ec1658ab1f88806ad48d9a9f0f8c722b90172a90d
Root,csv,appendix_provenance.csv,appendix_provenance,46385,ff09a3aebc87775fab2e7aa98ec6a649d41e779f05175c05bcd5f2b1493d2a35
C,png,C Variable Construction/figures/Figure_C1_Index_Distributions.png,Figure_C1_Index_Distributions,104118,f50e9d670edc2585d9a08498ec2485dce78460368374353c936606eefa8d573a
C,png,C Variable Construction/figures/Figure_C2_Index_Correlation_Heatmap.png,Figure_C2_Index_Correlation_Heatmap,451696,c40cb2c99f8b97a4e1d6100599482ac9f863398dd870279189e8d43c350e1365
C,md,C Variable Construction/figures/README.md,README,876,cf8252dec24473267bc02b349f15dd221fa3a1c110798776104397af1e374c5b
C,md,C Variable Construction/README.md,README,628,a66ccd02d73bcb23adfd857ac0a6202a978a7a0b45ba98e276b5b7a93099c1f2
C,md,C Variable Construction/tables/previews/Table_C0_Current_Index_Architecture.md,Table_C0_Current_Index_Architecture,13808,91accfedcb4b35f815378ed6f1989f7ca34a7df8f9d6cee0f2bf87a402930665
C,md,C Variable Construction/tables/previews/Table_C1_Index_Summary_Statistics.md,Table_C1_Index_Summary_Statistics,2110,3a4d05a23693da2ea197ad09808f444a604e9d4c1c6103049be28956ebae9bf3
C,md,C Variable Construction/tables/previews/Table_C2_Index_Correlation_Matrix.md,Table_C2_Index_Correlation_Matrix,4928,01a2b662ab06745d11caa850be1df54be12178ddde2eefa91b1ee1c633fad949
C,md,C Variable Construction/tables/README.md,README,1060,13f7fbf17356896e71b9aee107c29bae4727a42ea435344cff186c1e158d2128
C,xlsx,C Variable Construction/tables/Table_C0_Current_Index_Architecture.xlsx,Table_C0_Current_Index_Architecture,12646,6807c1036fca7db829d9d74c6f2782ff61e68060e4ad49c7bbafaa79cc2ebc69
C,csv,C Variable Construction/tables/Table_C1_Index_Summary_Statistics.csv,Table_C1_Index_Summary_Statistics,1550,016eb6fee0d74ad46619f71a24f3eff95680dc2e4bb50639ce95d81a6387f901
C,csv,C Variable Construction/tables/Table_C2_Index_Correlation_Matrix.csv,Table_C2_Index_Correlation_Matrix,4140,94abf6b1bf291f923ad7f03486099cb42dac90dba9f6d1ab5d5abe0f185eefff
Root,py,code/build_quantitative_appendices.py,build_quantitative_appendices,34449,394861da28764aa6c0f666a815991fb807965955d9d109087b85e179e4d1ec51
Root,py,code/polish_appendix_document.py,polish_appendix_document,37194,e0cfc2c81b72072e0dcef71d2b24928b788965097b600855e60a5d34ad8e19dc
Root,py,code/streamline_appendix_document.py,streamline_appendix_document,15476,014045936dcfd9cd96cc4c45512113176245f75315d12b42b4d971b728466cbb
D,png,D Descriptive Evidence/figures/fig1_hist_edad.png,fig1_hist_edad,84035,f85d79a6f363686f8190bb195079200c7d8fa8b8c513f4e41c45bae34087d5f6
D,png,D Descriptive Evidence/figures/fig2_pie_residence.png,fig2_pie_residence,85384,73e4260ba329436d92890ba0e1252f42c08bfb45a86a6533abd1279d4b8103e7
D,png,D Descriptive Evidence/figures/fig3_density_years_in_col.png,fig3_density_years_in_col,95364,701fdc692d1191554d270ccaf2be683db2dc7d156d94bfc4e475346e1d03be2e
D,png,D Descriptive Evidence/figures/fig3_porcentage_years_in_col.png,fig3_porcentage_years_in_col,65026,30cb3532228164df618aa976c9b7d8e1afd2bc3988d183be143f683befef6f2c
D,png,D Descriptive Evidence/figures/fig4_bar_education.png,fig4_bar_education,88841,f89e80ffea32faf77189a405acb8efc3240655765108c2ad4f0c713e2e74faee
D,png,D Descriptive Evidence/figures/fig5_bar_occupation.png,fig5_bar_occupation,83578,728aa4aa37fbcea6bdf279fb3e89907ef2a8b4c12d9a44e30b65c953ed2bb107
D,png,D Descriptive Evidence/figures/fig6_ivs_distribution_apa.png,fig6_ivs_distribution_apa,106135,6cc2617dae03c4de87d06d2fed629891cfefb3fa4ef21cad6d10df72928e864f
D,png,D Descriptive Evidence/figures/fig6_ivs_distribution_porcentage.png,fig6_ivs_distribution_porcentage,68824,c8ca4525adcc1080149a41b83485e3328fa435298e02e68eb9ad1fd9390e41a9
D,png,D Descriptive Evidence/figures/fig7_ivs_by_city.png,fig7_ivs_by_city,91024,586e60628bcc0b1fa854ad8b40238c59cc746721ea4dd85d254f56e1b1f2c1d0
D,png,D Descriptive Evidence/figures/fig8_ivs_by_age.png,fig8_ivs_by_age,92488,b28e4b6ac4dffa79f5761a532df6b97f62a78c0e0f0f5231f5ddec3b22760b38
D,png,D Descriptive Evidence/figures/fig9_iat_phone_internet.png,fig9_iat_phone_internet,89792,893f2aef9ed38bdcedfb57cf0300fa21fd74debf4e649e9333b3c3ee730aaff9
D,png,D Descriptive Evidence/figures/fig10_data_stability.png,fig10_data_stability,79121,f42ed47061c193e02727af5dcdb0268be916e423832a7889ea2b10e9aae99f33
D,png,D Descriptive Evidence/figures/fig11_sendmoney.png,fig11_sendmoney,79944,d7f1507d87e88748cb6c6e578e3e633951c892ec6aec095a7e89e8975c16436a
D,png,D Descriptive Evidence/figures/fig12_iat_iadt.png,fig12_iat_iadt,82413,00d3c37987e2cf88cf1118fb81f0c1b664fc317ef053582abcb299c0863db72e
D,png,D Descriptive Evidence/figures/fig13_qr.png,fig13_qr,81336,eed440b21572a4f41ac38e8314ca45b2cf091cb13fc6823723bed7d880debf9a
D,png,D Descriptive Evidence/figures/fig14_icdp_age.png,fig14_icdp_age,99233,ae52d8d9d4687e0ab8611944bf807dfd6868fcd1167dad4f869697f14c55e517
D,png,D Descriptive Evidence/figures/fig15_icdp_edu.png,fig15_icdp_edu,97778,688f1a0b33586c5857107e6208876184192a2e58f25c153ccaa9845a27acc204
D,png,D Descriptive Evidence/figures/fig16_account_types_pct.png,fig16_account_types_pct,73251,dc08e063cae57a10b66e4936bfa1b1e39f0d5482c1a09d67ec8c907c5af0d462
D,png,D Descriptive Evidence/figures/fig17_iaff_time.png,fig17_iaff_time,95530,7516046f69c654c052d12ce7ef069e88b6cf672f3b32b1f1655014cad26b883c
D,png,D Descriptive Evidence/figures/fig18_iaff_edu_plain.png,fig18_iaff_edu_plain,110814,166e95d2593d0b4f7c9c060c5f8ca321260650830f3d998c3da487470d41405d
D,png,D Descriptive Evidence/figures/fig19_iuof_distrib_porcentage.png,fig19_iuof_distrib_porcentage,72857,0d96eb68667852e5f134ec07aefa1b4cf0b67a7ca2b2a00f6f6540c1a92e2636
D,png,D Descriptive Evidence/figures/fig19_iuof_distrib.png,fig19_iuof_distrib,97324,be9ccfe66d0b8dc699e4511286307eaf92dc7cb533c069f8b0087ffaa8808b0f
D,png,D Descriptive Evidence/figures/fig20_iuof_iaff.png,fig20_iuof_iaff,85903,1b10909c7a015facbd4793c5151191981d21ca3331b07653414e9b44daa3f39f
D,png,D Descriptive Evidence/figures/fig21_awareness_usage_rails.png,fig21_awareness_usage_rails,69894,5fd2de3dd5d5ba10c71c3797979f046e983889703c7660ef48c49a1ed3c34be4
D,png,D Descriptive Evidence/figures/fig22_oqi_by_iaff.png,fig22_oqi_by_iaff,76671,3f427c30cfa45b56ecf183fc8e4e1188b4f579a022220dc05d3b93a55a410e4b
D,png,D Descriptive Evidence/figures/fig23_oqi_by_icdp.png,fig23_oqi_by_icdp,75561,4b570fb071ac1f49b1cecb7a073612cb1dd2eafd831d15b0c0d8316ebf5e485d
D,png,D Descriptive Evidence/figures/fig24_remittance_channels.png,fig24_remittance_channels,73889,35794b759ca22090f70a29dce62d50ac66b8d8bce93e6654bf848c0aaa5b3c2c
D,png,D Descriptive Evidence/figures/fig25_ietr_distrib_porcentage.png,fig25_ietr_distrib_porcentage,72928,6bb6f3e7d58cd3f236d2c8229824ade59f2470657d9e6910e5a589418cca2112
D,png,D Descriptive Evidence/figures/fig25_ietr_distrib.png,fig25_ietr_distrib,106304,ba5dd26c93ef4cc327a9a67dbcd03d193dd08de2afb1a4a45919f9621f11822d
D,png,D Descriptive Evidence/figures/fig26_iurd_by_ifo.png,fig26_iurd_by_ifo,90540,a69d3944e80e5db17de86be97e86c48a2c13b4a881fdaf83428257aaa4cc5f59
D,png,D Descriptive Evidence/figures/fig27_safety_vs_exposure.png,fig27_safety_vs_exposure,67985,55de61fb2da3e702ee20a0657f38e0ee522425a9e93854cab0e366c4980428d7
D,png,D Descriptive Evidence/figures/fig28_iedf_by_oqi.png,fig28_iedf_by_oqi,63176,9d5e76cde816748cd751a622600175cbe88f68011fe8a7a942523c3b327c327c
D,png,D Descriptive Evidence/figures/fig29_iedf_by_icdp.png,fig29_iedf_by_icdp,63715,cdf293aa59b33d8722a9d69a97341f0bb69712d3b07548a94324a7e4b0e362ca
D,png,D Descriptive Evidence/figures/fig30_resolution_satisfaction.png,fig30_resolution_satisfaction,69232,5521ef988aa82a72ba66d613555620efc1887584718d21474150f02837c86388
D,png,D Descriptive Evidence/figures/fig31_iaer_distribution.png,fig31_iaer_distribution,93781,eb25b7859bbfaf48de858de1eb14ebdd2a4b65b102009ab2268b8eb94e422a7f
D,png,D Descriptive Evidence/figures/fig31_iaer_porcentage.png,fig31_iaer_porcentage,75609,091ca50cddcc1369452241c2489918779604331230dc3259dc4f774d5aea270a
D,png,D Descriptive Evidence/figures/fig32_iaer_by_iurd.png,fig32_iaer_by_iurd,64801,825ffe8153079856a86cdea054ee44048b3b51d550ffcde1d9333c3c4d498457
D,png,D Descriptive Evidence/figures/fig33_iedf_by_iaer.png,fig33_iedf_by_iaer,66337,952d88ab157238b59cb2d456a27adbbe1e49dcfcdf53822fc63adae9e6944504
D,png,D Descriptive Evidence/figures/fig34_icpf_by_iurd.png,fig34_icpf_by_iurd,65215,5e8de535490e8039d1a8a87806ab432d8e58fb9af0db70d4b5e5219be8b2dc87
D,png,D Descriptive Evidence/figures/fig35_5barries.png,fig35_5barries,67034,bfdca4cb91cc85d0616af537afec1c83a52c41b260c2ba591cd30db976d10c02
D,png,D Descriptive Evidence/figures/fig36_top5_enablers.png,fig36_top5_enablers,65011,629a34a1d5e6aa0350586a86c53738335c60760c6a0d1eb0d2c73a021e3137bf
D,png,D Descriptive Evidence/figures/fig37_training_topics.png,fig37_training_topics,72875,06388359b13a19161d169d0dd257b9fc3f26ed9acc43b45cb922ecf960ce7d85
D,png,D Descriptive Evidence/figures/fig38_ibpd_ivs.png,fig38_ibpd_ivs,75419,2860a88ee9a5815109fae43955eea4ceb5caa1a81b0f7dc64b1af3f0e6e42698
D,png,D Descriptive Evidence/figures/fig39_ibpd_vs_iat.png,fig39_ibpd_vs_iat,82566,561d4d58bd0cac558502cc13d84a9476d6c3f4bb97137e61ada50d1485aea4eb
D,md,D Descriptive Evidence/figures/README.md,README,14393,6e552486046bc5f7ff5e48792f960c8b3ac0d522470ca845e1f84780d5edcd7e
D,md,D Descriptive Evidence/README.md,README,615,a65fae588b7a7398c6eaf128f7f4b801d8c68932659e7930a0f08f66d13e3189
D,md,D Descriptive Evidence/tables/previews/Table_D1_Extended_Categorical_Distributions.md,Table_D1_Extended_Categorical_Distributions,9777,f66e9f03d7d6f94c59fa36f8eccfb9f43f6245b52f114faca62242f8d37a3395
D,md,D Descriptive Evidence/tables/previews/Table_D2_Multiple_Response_Prevalence.md,Table_D2_Multiple_Response_Prevalence,1284,976ee6045903c1f7b72820a683634049d679afeb69bcbd44db93d8d44de0846a
D,md,D Descriptive Evidence/tables/README.md,README,808,523de5584b7c1ecab5490eb48f1d07b809ab2b8ee2c3a0c94bf15f4f3ff7a399
D,csv,D Descriptive Evidence/tables/Table_D1_Extended_Categorical_Distributions.csv,Table_D1_Extended_Categorical_Distributions,8600,e3838a8623fb2cadbacbe9239d0a1da52eae387a77769c85693aa33119fb03b4
D,csv,D Descriptive Evidence/tables/Table_D2_Multiple_Response_Prevalence.csv,Table_D2_Multiple_Response_Prevalence,918,bc609446bb7111127c695d314bb6276e78e6131e854bdc9d771b7d59d5b77ed0
E,png,E Multivariate Regressions/figures/fig40_coef_iurd.png,fig40_coef_iurd,124297,41f775fbf37a2cdd4bf2315c70e44ed16ade87645ab334ec7634ed6b13f137e6
E,png,E Multivariate Regressions/figures/fig41_ame_formal_remittance.png,fig41_ame_formal_remittance,134651,048f18350e0f33923788941559029502b41596583aace433d30e186e779ed6aa
E,png,E Multivariate Regressions/figures/fig42_coef_iuof.png,fig42_coef_iuof,129898,231b95440ed2c72951a3c5cb6d38ddc4b110650cda7f65ddd0f2617eef092cca
E,png,E Multivariate Regressions/figures/fig43_coef_ietr.png,fig43_coef_ietr,130351,320008aa3af308aa0b340b28a7363a8aea482057ffebc6f4c2d04ae62eafcfbd
E,png,E Multivariate Regressions/figures/fig44_coef_oqi.png,fig44_coef_oqi,125195,d1997c26174e5e58e86747cd70dc8735e6b79be0f47c70059d975abfa4c368a5
E,png,E Multivariate Regressions/figures/fig45_coef_ipcs.png,fig45_coef_ipcs,120681,bc712e1a6b30261cf92091b8fee5c025b35ca68c8b9deb54fe89a8e8cf0824ab
E,png,E Multivariate Regressions/figures/fig46_coef_iedf.png,fig46_coef_iedf,122859,4e38c04529cd5ed11a37a6c5f16f2083f1ecb37cf947206fbba46cf4f87d2137
E,png,E Multivariate Regressions/figures/fig47_coef_iaer.png,fig47_coef_iaer,123975,958e502db50669648bfad94ebc8664c36fb0d7d428a9172895b242ec3dbcca36
E,png,E Multivariate Regressions/figures/fig48_coef_icpf.png,fig48_coef_icpf,117897,851022c7abc0f5dbee220c720c6f2c6526eede0c0d1036d92b7b49a01ab56b9e
E,png,E Multivariate Regressions/figures/fig49_interaction_iurd_ivs_iat.png,fig49_interaction_iurd_ivs_iat,164772,363a7ff5a85fc1656235ed6ab80b574db1c322107d8ec85d3490887210ff3748
E,png,E Multivariate Regressions/figures/fig50_interaction_formal_years_iaff.png,fig50_interaction_formal_years_iaff,149375,5067da3ede6ac4151b48211eaf0e21914c150bc90ebccab05d80270f25ebe0ba
E,png,E Multivariate Regressions/figures/fig51_interaction_ietr_icdp_oqi.png,fig51_interaction_ietr_icdp_oqi,155994,234b8d112a538f80879bcd03b98be715a75955b0955c4344df8edc067f3b2399
E,png,E Multivariate Regressions/figures/fig52_interaction_iurd_iedf_icpf.png,fig52_interaction_iurd_iedf_icpf,174654,434aaf15e822d392d853c3d8a50f462720a63c9b5dfdaa6078da304f6c80111f
E,md,E Multivariate Regressions/figures/README.md,README,4907,07a4591efb6c71c37ca85914e43f389a57db39da7656d843375207cbee56c2f0
E,md,E Multivariate Regressions/README.md,README,632,4bccfe6205381088b28c8033ead5ffee7bea3b6286c3e7ac424a8d7d47948c86
E,md,E Multivariate Regressions/tables/previews/Table_E1_IURD.md,Table_E1_IURD,1383,abd2c4ca54b9869d7de7ff6c31de0279a8efe1d198ddb8591b204f785fe77b20
E,md,E Multivariate Regressions/tables/previews/Table_E2_Formal_Remittance.md,Table_E2_Formal_Remittance,1341,564607af9e9950878294096c7f958f5d25140b4ab494c4b980df06d9f0d1f289
E,md,E Multivariate Regressions/tables/previews/Table_E3_IUOF.md,Table_E3_IUOF,1349,ed8a9fce1327dc162569299f6ed739380a4e7263d0c0a7e6a6bd61d26e95aafc
E,md,E Multivariate Regressions/tables/previews/Table_E4_IETR.md,Table_E4_IETR,1337,d6f7bd5c614ad439d3d59852acecd0472c7e249d01a988c599d708597b396feb
E,md,E Multivariate Regressions/tables/previews/Table_E5_OQI.md,Table_E5_OQI,1243,9b54dcad838dfa1a70f19adc998920813d6b7a070c31d76acceaf59d82d4ffde
E,md,E Multivariate Regressions/tables/previews/Table_E6_IPCS.md,Table_E6_IPCS,1287,23ab4503bca5c3071106eaea2919c9f77c8e41a781a838affc9091852cdeea3d
E,md,E Multivariate Regressions/tables/previews/Table_E7_IEDF.md,Table_E7_IEDF,1285,bfd58f660fb154267bb0b6bac57958b8f507c33c47ff73ca21343f1f606c097a
E,md,E Multivariate Regressions/tables/previews/Table_E8_IAER.md,Table_E8_IAER,1202,0c6929f651d966945213f398c93f0d9528c00c9733cb372d369364c6547f316f
E,md,E Multivariate Regressions/tables/previews/Table_E9_ICPF.md,Table_E9_ICPF,1168,3de688c0f53448c46b5687510cdd74f7b00ee5c705e32be85646205ae5047245
E,md,E Multivariate Regressions/tables/previews/Table_E10_Interactions.md,Table_E10_Interactions,1789,3fb5daaa5a1b91b65fceec795b66dae3651a2cfd9068344c6a53004e655083d5
E,md,E Multivariate Regressions/tables/previews/Table_E11_Supplementary_Items.md,Table_E11_Supplementary_Items,2509,3da2fdb97fd4a0795341e96d4c03fb44a4f5e2a2ea23850c30ab719732ee72b9
E,md,E Multivariate Regressions/tables/README.md,README,3037,133830114ddf9fa4bf93743a8d5a8df11f1e6a888344aa55eca230d3c1a80e5a
E,txt,E Multivariate Regressions/tables/Table_E1_IURD.txt,Table_E1_IURD,1226,6473fe3668bd01eb8548194db358252f750caee82fa2263b2d403934697ac4b7
E,txt,E Multivariate Regressions/tables/Table_E2_Formal_Remittance.txt,Table_E2_Formal_Remittance,1189,311898b4f6da77ff2b3e7b0d1d66e4162ddac2ef26e4a3142c3d2c74f890223c
E,txt,E Multivariate Regressions/tables/Table_E3_IUOF.txt,Table_E3_IUOF,1203,068645533f402a6e9f7f8d5ec98d012233776d7a371492057e1d6c56f5b983d0
E,txt,E Multivariate Regressions/tables/Table_E4_IETR.txt,Table_E4_IETR,1168,84e9d0655152e59c6e3d8d0bb5bbe8dc390a101648ac28090625967cae1ea93a
E,txt,E Multivariate Regressions/tables/Table_E5_OQI.txt,Table_E5_OQI,1110,84dfbf6535d65c7d179ada08005c3899d806eff2f48c69b1a479df5f6d8e2b8a
E,txt,E Multivariate Regressions/tables/Table_E6_IPCS.txt,Table_E6_IPCS,1143,2572e12626c89af9528270c896b5565eeb62cd2f41c4d236495cc0e1a0af8cfd
E,txt,E Multivariate Regressions/tables/Table_E7_IEDF.txt,Table_E7_IEDF,1136,bf641c4dd8f6ea010098ed068a93ae0c5c10842a817078b0be5ebc654e0e29d4
E,txt,E Multivariate Regressions/tables/Table_E8_IAER.txt,Table_E8_IAER,1053,cab5ead746cb8e5a76198d33ecef2da3bf97dda212079bf06f7060db2996ecce
E,txt,E Multivariate Regressions/tables/Table_E9_ICPF.txt,Table_E9_ICPF,1024,197e3aa073ab52838a0f0006d2815e3d53c218e1adabef0c6306ebc3eaa560d6
E,txt,E Multivariate Regressions/tables/Table_E10_Interactions.txt,Table_E10_Interactions,1644,bc50ac7b161dab65a251bc8f52cff43dfcf7bd9eeb272ef0f3c20fee497d229f
E,txt,E Multivariate Regressions/tables/Table_E11_Supplementary_Items.txt,Table_E11_Supplementary_Items,2355,67a33c0e17928b0988582bcbdb7d8a216b74b07dda136bdea952dfc28d895a71
F,png,F LCA Diagnostics/figures/cat_distribution_iadt_cat.png,cat_distribution_iadt_cat,67997,fc4cf6f005b9d844f8df70008bb2b8d3f251fcd0e95724468543ffb510c0599c
F,png,F LCA Diagnostics/figures/cat_distribution_iaer_cat.png,cat_distribution_iaer_cat,57678,e3c2fbd4d877e839b9ec1be7adf35952045010cb3965ba59606612d07d469000
F,png,F LCA Diagnostics/figures/cat_distribution_iaff_cat.png,cat_distribution_iaff_cat,64809,621fe2f0b2a8f2b3570c79bd28409ce34ba43f4bc184b7ab80b619af0402cfa7
F,png,F LCA Diagnostics/figures/cat_distribution_iat_cat.png,cat_distribution_iat_cat,67108,83299ae9e2ef3eadf29eb5af1620414a39429c83d23011a0f83fd0cb6523ad30
F,png,F LCA Diagnostics/figures/cat_distribution_ibpd_cat.png,cat_distribution_ibpd_cat,63877,13c10abbf2997a80841cff5e2dbf92ac9e945817d38761132007b8375362faea
F,png,F LCA Diagnostics/figures/cat_distribution_icdp_cat.png,cat_distribution_icdp_cat,70608,abe2c0d28f8a687b61edf26db5ab8e80dcf427d9134af9b6cdc17a439cdfdd55
F,png,F LCA Diagnostics/figures/cat_distribution_icpf_cat.png,cat_distribution_icpf_cat,62381,2da24bab1c0133baca70cdff31e87adb8f6455cb1bc60b4183389ef483e6204e
F,png,F LCA Diagnostics/figures/cat_distribution_iedf_cat.png,cat_distribution_iedf_cat,58268,18f7d194efc7ff29587a98d618d9b87fa39db8193c0f8656e554bcec4c980e76
F,png,F LCA Diagnostics/figures/cat_distribution_ieh_cat.png,cat_distribution_ieh_cat,63222,0afa1bf41a6c138772385934ef6f5f32473f34572a4b967841508b39a24c2032
F,png,F LCA Diagnostics/figures/cat_distribution_ietr_cat.png,cat_distribution_ietr_cat,63259,f9cd5f0984a72855f7ceb89c0ae77bf7dc4f87d871c21c388014a6fc4cba7fca
F,png,F LCA Diagnostics/figures/cat_distribution_ipcs_cat.png,cat_distribution_ipcs_cat,62108,d40c75fa8e4fa8dff73f2ff39526af2b563f9603491b6ae1ba3cbb15d36930b9
F,png,F LCA Diagnostics/figures/cat_distribution_iuof_cat.png,cat_distribution_iuof_cat,62864,4ba164b63c9004f8ee1bd1f1f29d50eda04b4fab243f36638ea801e49c293b95
F,png,F LCA Diagnostics/figures/cat_distribution_iurd_cat.png,cat_distribution_iurd_cat,68784,ae613c011939478629f07470054bcf29126b54d3123cfc3d56736eb4f288a2f9
F,png,F LCA Diagnostics/figures/cat_distribution_ivs_cat.png,cat_distribution_ivs_cat,63290,cd92d097f5cd992f9a7af349043589f86625b21da822b69a7aad084d38a3423a
F,png,F LCA Diagnostics/figures/cat_distribution_oqi_cat.png,cat_distribution_oqi_cat,73425,40b1ec36b2609207b6eef114413c8470e3e92b1317aca9f73ec3b78cd2086255
F,png,F LCA Diagnostics/figures/dist_box_iadt_score.png,dist_box_iadt_score,55948,ae5ffa14a8c226edf52df4093bbc7263d64c19c09ba10932842d4ec5e11a6e6b
F,png,F LCA Diagnostics/figures/dist_box_iaer.png,dist_box_iaer,87955,9bbabfc4f67337463270d84d20cf21ea9b02af8f9757445510c1358836e33f47
F,png,F LCA Diagnostics/figures/dist_box_iaff_score.png,dist_box_iaff_score,52224,606c24d6fd45539e568778f3497b32abb5cda3ad3f635aec180893fa9c12baa3
F,png,F LCA Diagnostics/figures/dist_box_iat_score.png,dist_box_iat_score,50338,f4c39b840148941e26336fb20a8f299cc86975bd4d52c6ac3af175be3d15348d
F,png,F LCA Diagnostics/figures/dist_box_ibpd.png,dist_box_ibpd,55568,5a35e018d0c59d658243ef81737d9f73a76473ca01c2cfa3651db925e062be3a
F,png,F LCA Diagnostics/figures/dist_box_icdp_score.png,dist_box_icdp_score,57546,9d1a924188a8368438f6e0e95bfb7f45ee34c522eb78c61880079bc2edb4d540
F,png,F LCA Diagnostics/figures/dist_box_icpf.png,dist_box_icpf,51962,781256eca5187c6964a639a7621303d7f1d5447376d0349b94e4970247abb00c
F,png,F LCA Diagnostics/figures/dist_box_iedf.png,dist_box_iedf,77368,cbb4bce8b249df63d3a4575cc22dea0cb788d3d207b360320ea6b8bd8db0a6aa
F,png,F LCA Diagnostics/figures/dist_box_ieh.png,dist_box_ieh,54958,9cf15c1c7d1017bed7bea2948dadd6a3271925596aa79bfac5ab9bfc0ff297a2
F,png,F LCA Diagnostics/figures/dist_box_ietr_score_01.png,dist_box_ietr_score_01,56514,4c1cf0f9d9fe0cfed29008fbcca1e21d5a6a684b3cbf8135404ba57ed2610d49
F,png,F LCA Diagnostics/figures/dist_box_ipcs.png,dist_box_ipcs,56617,5198dd3f22ad25ae240b971be7a48fec141941227c1aedf4ba53794efcfd3f6f
F,png,F LCA Diagnostics/figures/dist_box_iuof_score_01.png,dist_box_iuof_score_01,57345,8ce7035f7d917b19209cad2d799a7971b25a6aada21c097abe42dde33878600f
F,png,F LCA Diagnostics/figures/dist_box_iurd_score_01.png,dist_box_iurd_score_01,56019,e679ed9c82892e3ca1f37240b241bbefb43ec56442687804a98d65f07e369614
F,png,F LCA Diagnostics/figures/dist_box_ivs_score.png,dist_box_ivs_score,53119,aecf2cc075fcf038ad7e027cd04de88c52f35a47ac972318ed7251cc4be61b54
F,png,F LCA Diagnostics/figures/dist_box_oqi_score_01.png,dist_box_oqi_score_01,58617,bce7d96930dbbd5017e29234143aa7c62909c74df1a861a34166dda4c564831b
F,png,F LCA Diagnostics/figures/dist_hist_iadt_score.png,dist_hist_iadt_score,68716,68fac1c1d08bc7f4cbdcf8a1e9e5fe8cf1f04dfb83894f26841da7bd1b4c77cc
F,png,F LCA Diagnostics/figures/dist_hist_iaer.png,dist_hist_iaer,63882,e862af10a2c5b669bad54b4ee1206a035325dd21e233b8dcdf4325959acf4e25
F,png,F LCA Diagnostics/figures/dist_hist_iaff_score.png,dist_hist_iaff_score,67826,aea298a088acf0848fa6ade2cbe1fa6700a476ec8212fe951c87239beb083e86
F,png,F LCA Diagnostics/figures/dist_hist_iat_score.png,dist_hist_iat_score,69228,19df281ab88266bcbd7dbdc11f0db10d5609a8af379a39bd06143c3a038a4d6d
F,png,F LCA Diagnostics/figures/dist_hist_ibpd.png,dist_hist_ibpd,68621,02f7f566a5f6262adb11c51c41af1e3e418d4e13d9b217b46e01bdcb65b49bf5
F,png,F LCA Diagnostics/figures/dist_hist_icdp_score.png,dist_hist_icdp_score,66479,580e6ac928a7d271d35774c11099b0e24da40bf52abb9df0171fb144528c5411
F,png,F LCA Diagnostics/figures/dist_hist_icpf.png,dist_hist_icpf,70235,87f7d87347452820f8cfb24f70274a3aa726905182209c9958b8b260fe628af9
F,png,F LCA Diagnostics/figures/dist_hist_iedf.png,dist_hist_iedf,70406,e52413a21271ef830b4c7c3d085210c1748039615f4f6e85356b2bc6079c87cf
F,png,F LCA Diagnostics/figures/dist_hist_ieh.png,dist_hist_ieh,75981,74d2e208052ce39d1bb1a1ad0bee35806cf79547bc12302f5f31da22094a1cb6
F,png,F LCA Diagnostics/figures/dist_hist_ietr_score_01.png,dist_hist_ietr_score_01,69488,ddf9c383306b84921e386c21e1a0e9eb854c58c7151cd835b4a29599aa3eb319
F,png,F LCA Diagnostics/figures/dist_hist_ipcs.png,dist_hist_ipcs,69554,f7155c92a2203e7639dcdbc7bd22b4c557f7b2d61113e059e85cd93dc5f8ab35
F,png,F LCA Diagnostics/figures/dist_hist_iuof_score_01.png,dist_hist_iuof_score_01,70839,501756af268837c304572e3bff4a7bf3b66057387740fdbac073ba6bddf6a078
F,png,F LCA Diagnostics/figures/dist_hist_iurd_score_01.png,dist_hist_iurd_score_01,70728,ad404eb16c79664857db9ff298a97191f70643e084a7d05245c2d2cbf8b4bfdb
F,png,F LCA Diagnostics/figures/dist_hist_ivs_score.png,dist_hist_ivs_score,69873,bc9f69c163746d07a806919c2dddb476239890b3d3b4d48f1ccb4e0a59468003
F,png,F LCA Diagnostics/figures/dist_hist_oqi_score_01.png,dist_hist_oqi_score_01,70094,57ed9f5cbd3b117f4d626d80e659fff3895982e60094331e568be397e7aaed0a
F,png,F LCA Diagnostics/figures/dist_kdensity_iadt_score.png,dist_kdensity_iadt_score,99064,aa6c7b782bb6a3120cf3da52302cd5b1801dd6e39b9edaaee72403ba952d3db9
F,png,F LCA Diagnostics/figures/dist_kdensity_iaer.png,dist_kdensity_iaer,90130,0e47f7a5bf3b1601b9c21e20df8d3564dc5dc0e6a943576e963e033e5b19f623
F,png,F LCA Diagnostics/figures/dist_kdensity_iaff_score.png,dist_kdensity_iaff_score,116903,3b68728dd55fcc53686086238b0f685da4fc082abd6b41098798b27967c7a4d9
F,png,F LCA Diagnostics/figures/dist_kdensity_iat_score.png,dist_kdensity_iat_score,89711,34b0c130a4658233c5d94f7c73adb500569562662e2d7b37b8ab82d586e0245b
F,png,F LCA Diagnostics/figures/dist_kdensity_ibpd.png,dist_kdensity_ibpd,113606,daa570f096ebc415d9ca58403f3695073f6c03589cca0800537baa61076e5c48
F,png,F LCA Diagnostics/figures/dist_kdensity_icdp_score.png,dist_kdensity_icdp_score,94954,f62aab625e753d35ac6b9dea7ecad01782a885f8a93e5b27a8f213433d3973f9
F,png,F LCA Diagnostics/figures/dist_kdensity_icpf.png,dist_kdensity_icpf,113673,cfe1d81b68efd4ee77f5f37f4e42b7c008a1230cf5145f07e87a1533f008fbe7
F,png,F LCA Diagnostics/figures/dist_kdensity_iedf.png,dist_kdensity_iedf,109070,c2e8b7ca2e67a6eec9b3c66c7434100075cd5c5160ada21447c520b30539dd9c
F,png,F LCA Diagnostics/figures/dist_kdensity_ieh.png,dist_kdensity_ieh,95418,34f7d0eb3d3998138a04c15c457fc8b8fe9c42774b1fc61643001e179a9554dd
F,png,F LCA Diagnostics/figures/dist_kdensity_ietr_score_01.png,dist_kdensity_ietr_score_01,97875,9ea186e97f00a6373f4f30d46ada90dd572096228810cc003efc6b16e7471f62
F,png,F LCA Diagnostics/figures/dist_kdensity_ipcs.png,dist_kdensity_ipcs,89858,67e154c0b43059639502982667a0acaad7ca5d43f3e701f0ed05ea569cd2bb49
F,png,F LCA Diagnostics/figures/dist_kdensity_iuof_score_01.png,dist_kdensity_iuof_score_01,94976,3b35423b2a7579de199941a2d178229f93a1485bebec5b63d2ad306ca75607fe
F,png,F LCA Diagnostics/figures/dist_kdensity_iurd_score_01.png,dist_kdensity_iurd_score_01,91150,4c82c9995d1dcfc8bab9dc8ff4f7bf0a7ed40c2da51926eb80621143d4c34686
F,png,F LCA Diagnostics/figures/dist_kdensity_ivs_score.png,dist_kdensity_ivs_score,90873,f7d1c89c9f75284be9b6d7f0d55394d7597d0a429822df4a3df9bf7a96d9d009
F,png,F LCA Diagnostics/figures/dist_kdensity_oqi_score_01.png,dist_kdensity_oqi_score_01,94883,0567d9e38e4c479a37601147dfd0bb9973c7ce43ec78afeb96e9dd6e19f3df07
F,png,F LCA Diagnostics/figures/figc1_index_distributions.png,figc1_index_distributions,104118,f50e9d670edc2585d9a08498ec2485dce78460368374353c936606eefa8d573a
F,png,F LCA Diagnostics/figures/figc1a_index_histograms.png,figc1a_index_histograms,131875,42a00ab973704be7a5aa1928da8ae79c607fd564083f55d254987575ed8c3f1a
F,png,F LCA Diagnostics/figures/figc2_correlation_heatmap.png,figc2_correlation_heatmap,451696,c40cb2c99f8b97a4e1d6100599482ac9f863398dd870279189e8d43c350e1365
F,png,F LCA Diagnostics/figures/figc6_final_class_profile_probabilities.png,figc6_final_class_profile_probabilities,407546,1cf5150b91e3858dcc74ba7cdd94b09df52d3dd45a372a439ef66741fec64d4a
F,png,F LCA Diagnostics/figures/figc7_final_class_centroids_standardized.png,figc7_final_class_centroids_standardized,322167,6e22fe198b5cabe60c802dcfbde73a3726d706f3ad53d7b9bf3cae0485aeab96
F,png,F LCA Diagnostics/figures/figc8_final_class_sizes.png,figc8_final_class_sizes,269725,8bd3eae73170a71e2c25c9bd300caa8c4912ef63580ea1f21ef21094cbffc3bf
F,png,F LCA Diagnostics/figures/figc9_posterior_certainty.png,figc9_posterior_certainty,424099,3e7b87e8aa1250bb647691a79e6d8be51e4fb6003f03659dadd022a6e4a9f37b
F,png,F LCA Diagnostics/figures/figc9a_posterior_probability_distribution.png,figc9a_posterior_probability_distribution,217935,f2535882bbfe2f861ab15df27e1900972ea4799819073274935885d33f39616d
F,png,F LCA Diagnostics/figures/figc9b_posterior_certainty_by_segment.png,figc9b_posterior_certainty_by_segment,181284,54c38bcc24586534c8da934c1684ac111b2ae39bf1c0c62e8409d700dc175bed
F,png,F LCA Diagnostics/figures/figc10_outcome_means_by_segment_slides.png,figc10_outcome_means_by_segment_slides,462902,ec075478fa164e44aec100e4863f876c742aaed4deeba44901de0d45f81d4329
F,png,F LCA Diagnostics/figures/figc10_outcome_means_by_segment.png,figc10_outcome_means_by_segment,673643,1a2770b95be2be50ce8cc7ad666f50179fb5c44ce893397cc6b157238e2a5d22
F,png,F LCA Diagnostics/figures/figc10a_class_defining_outcomes.png,figc10a_class_defining_outcomes,248096,0b9be98b01ec0be4c3b1ee5b3eb99482a3fd546b94e74620fad4068690482c54
F,png,F LCA Diagnostics/figures/figc10b_external_outcomes_mechanisms.png,figc10b_external_outcomes_mechanisms,303350,bd28a0b2357d365928bca08f5559d5a79ea0f112bc521613a55a7aef3b388bda
F,md,F LCA Diagnostics/figures/README.md,README,24933,e10c647abdbe459b2e78a0ff19d1e9f55c2b75775df245a0dd46996c17c88244
F,md,F LCA Diagnostics/README.md,README,684,1bf69f7024d77460c11b83b2a2091a335f980eb26e0a0c35506754f88dc213fe
F,md,F LCA Diagnostics/tables/previews/Table_F1_Sample_Integrity.md,Table_F1_Sample_Integrity,2513,8134a1cd3f43068bf3cbec4a5b17275fe1ae1fb8fe3a0a9d4772d2621813224b
F,md,F LCA Diagnostics/tables/previews/Table_F2_Indicator_Inventory.md,Table_F2_Indicator_Inventory,21367,8259d036f68d405a39b858977ffa23a516773ba41d09e586d17c8fafca18d543
F,md,F LCA Diagnostics/tables/previews/Table_F3_Missingness_and_Unique_Values.md,Table_F3_Missingness_and_Unique_Values,6527,9a331087d5bca4f6bb7bf5ef8c4097ac3b7cc60100f40af5b7418a2422ee5f65
F,md,F LCA Diagnostics/tables/previews/Table_F4_Category_Distributions.md,Table_F4_Category_Distributions,11400,ad3d3e93e686d810bba9e596b164b55dc510fb8919b9a7e04fc8fd96810ef4b8
F,md,F LCA Diagnostics/tables/previews/Table_F5_Pairwise_Associations.md,Table_F5_Pairwise_Associations,23943,447203fd7efa312c200cd6a7a40c13701d479af64e77452b056b1036d10b0bf2
F,md,F LCA Diagnostics/tables/previews/Table_F6_LCA_Recoding.md,Table_F6_LCA_Recoding,21912,5b3b1d2a684910795f2e9884df940e563230dbe239d7f0f081b9374837ea0cab
F,md,F LCA Diagnostics/tables/previews/Table_F7_Feature_Sets.md,Table_F7_Feature_Sets,29789,00de621970254d568a86b3812d26e5fc1977737d6627b04d9cc56fbd6cefed4d
F,md,F LCA Diagnostics/tables/previews/Table_F8_Model_Selection.md,Table_F8_Model_Selection,33643,7821c74193d3c9eeda72fc62f6e68528306c91bba5662e38af94102f320a4f74
F,md,F LCA Diagnostics/tables/previews/Table_F9_Final_LCA_Fit.md,Table_F9_Final_LCA_Fit,1024,f60bb93024e2ae5fc9bdaad6a17530665daa78cb794e161e18deb9d0f1d9993e
F,md,F LCA Diagnostics/tables/previews/Table_F10_Posterior_Certainty.md,Table_F10_Posterior_Certainty,2629,f15f982de6cd5cda6ecfb8ec352c94b82e0b11efaa29cc3656edf219b42ca4ae
F,md,F LCA Diagnostics/tables/previews/Table_F11_Minimal_Response_Patterns.md,Table_F11_Minimal_Response_Patterns,667,e42992bc44e605fbc2809531393eaa5d149b95ea0d46a495d47d1f6d79ecad2b
F,md,F LCA Diagnostics/tables/previews/Table_F12_Minimal_Fit_Summary.md,Table_F12_Minimal_Fit_Summary,3674,926537ee8b9d287f93907652ac72d48b85547fd79108004943c9f9062cbaaf0d
F,md,F LCA Diagnostics/tables/previews/Table_F13_Minimal_Class_Profiles.md,Table_F13_Minimal_Class_Profiles,15023,ee1830e606b68a5760b6e38fff572eeed1559dabbf462fa509d0a450a428c16f
F,md,F LCA Diagnostics/tables/previews/Table_F14_Hybrid_Distribution_Diagnostics.md,Table_F14_Hybrid_Distribution_Diagnostics,3687,6721a7307970430a5ba843b60b876eebb82ad98909c07892fbd40fafd22c8178
F,md,F LCA Diagnostics/tables/previews/Table_F15_Hybrid_Category_Distributions.md,Table_F15_Hybrid_Category_Distributions,1671,99e90c8c648dd77ca62b80ca214c8d0d7d60c161cffa79dab98c68e0931532e3
F,md,F LCA Diagnostics/tables/previews/Table_F16_Hybrid_Response_Patterns.md,Table_F16_Hybrid_Response_Patterns,694,29bd64b617bfe828c1ba68250e4fdb5546284685440e4aeb5d6e196229e4449d
F,md,F LCA Diagnostics/tables/previews/Table_F17_Hybrid_Fit_Summary.md,Table_F17_Hybrid_Fit_Summary,3597,50ce7fa61804c894f990cf5613d76dc4508402ef4242a7005912954df09589fd
F,md,F LCA Diagnostics/tables/previews/Table_F18_Hybrid_Class_Profiles.md,Table_F18_Hybrid_Class_Profiles,9322,ba050dcc2f0c65c8cefad07de77fa948e4a4725651738f66771e9820afc0aaf9
F,md,F LCA Diagnostics/tables/README.md,README,5035,e5d2bc0ca15f905a329a0b149a29f090ff91008c6259b0e5b02fd514c32291a3
F,xlsx,F LCA Diagnostics/tables/Table_F1_Sample_Integrity.xlsx,Table_F1_Sample_Integrity,3996,4ca2dd2a51b726cf7cded7c741e893ab9781e12a7107e20991afe4c6c23e55f5
F,xlsx,F LCA Diagnostics/tables/Table_F2_Indicator_Inventory.xlsx,Table_F2_Indicator_Inventory,11291,2d0e1ce090d978f7dd6469e03fee1cf8b1e63df1853865e0abf00ca527721866
F,xlsx,F LCA Diagnostics/tables/Table_F3_Missingness_and_Unique_Values.xlsx,Table_F3_Missingness_and_Unique_Values,7316,ca0a5b7bd1cdfd9565a202c308b608e3dd2e9317f6d3c43544109056878a07e2
F,xlsx,F LCA Diagnostics/tables/Table_F4_Category_Distributions.xlsx,Table_F4_Category_Distributions,7984,253fdbb59f2da53dbcc68efccd23de02634bf616fdc5c4c8ca67fbfb1ad3f7af
F,xlsx,F LCA Diagnostics/tables/Table_F5_Pairwise_Associations.xlsx,Table_F5_Pairwise_Associations,24359,acc6b8701b5a5f830dc533abd79b1d35088dfbb2952fd256814d5b69c64feffb
F,xlsx,F LCA Diagnostics/tables/Table_F6_LCA_Recoding.xlsx,Table_F6_LCA_Recoding,12011,e0c50ff2fd305076748b95954956db028797057b380e1fe4c6e5cc9e18656ad1
F,xlsx,F LCA Diagnostics/tables/Table_F7_Feature_Sets.xlsx,Table_F7_Feature_Sets,12681,9d71d0e50d4a3be97a969c40518096112b8a89317c603c3945e526031551b81f
F,xlsx,F LCA Diagnostics/tables/Table_F8_Model_Selection.xlsx,Table_F8_Model_Selection,17015,c9a97d5ac99bfe47f07925246ffdda64ea5c6bfd594e0e9c3931045d636e9c3c
F,xlsx,F LCA Diagnostics/tables/Table_F9_Final_LCA_Fit.xlsx,Table_F9_Final_LCA_Fit,3348,cda0dcb182bfde6941ca7668a8540e2e3bfe59b4a04062616829f85f4a1ca92c
F,xlsx,F LCA Diagnostics/tables/Table_F10_Posterior_Certainty.xlsx,Table_F10_Posterior_Certainty,5823,fda009b17ec0e15dcd5699ca155e7018074fe7da9c854861d712082bb78a7ab2
F,xlsx,F LCA Diagnostics/tables/Table_F11_Minimal_Response_Patterns.xlsx,Table_F11_Minimal_Response_Patterns,3096,2b154a7137368453856efcf7032ca61916036374fa0c81a33f633fa0f18ea2dc
F,xlsx,F LCA Diagnostics/tables/Table_F12_Minimal_Fit_Summary.xlsx,Table_F12_Minimal_Fit_Summary,5235,e44b45c26514e5de28928311bd55acccaaf19c75cbc6ee7f96f732288d069685
F,xlsx,F LCA Diagnostics/tables/Table_F13_Minimal_Class_Profiles.xlsx,Table_F13_Minimal_Class_Profiles,22522,54d9a0d62b8aefedd698bcc588c95b6127de91ac8193f6d995891210312854e6
F,xlsx,F LCA Diagnostics/tables/Table_F14_Hybrid_Distribution_Diagnostics.xlsx,Table_F14_Hybrid_Distribution_Diagnostics,5550,2d9d6ed35bf100ab5f7964b3b5e3e064b010d1026b71a02c4a8f4cef7740ac84
F,xlsx,F LCA Diagnostics/tables/Table_F15_Hybrid_Category_Distributions.xlsx,Table_F15_Hybrid_Category_Distributions,3980,c4a06ff9b7fa0d6b8a756e3ac6a1517c953fc6cec83d62a6b94c706b2c3dc090
F,xlsx,F LCA Diagnostics/tables/Table_F16_Hybrid_Response_Patterns.xlsx,Table_F16_Hybrid_Response_Patterns,3108,3d24f0e1445a6a88474fbe30a76e9e44a47bedb1a0f500a798ad6aa0267658bb
F,xlsx,F LCA Diagnostics/tables/Table_F17_Hybrid_Fit_Summary.xlsx,Table_F17_Hybrid_Fit_Summary,4756,af5d523ce98a5d3c34967e286ad21ef66a02cbb753a2d1dc7f2ccae63819cfa6
F,xlsx,F LCA Diagnostics/tables/Table_F18_Hybrid_Class_Profiles.xlsx,Table_F18_Hybrid_Class_Profiles,13991,4bee16bee3fd4d29740e72cb6229f1143a2970c8b232934547d9f8019071c043
G,png,G Segment Profiles/figures/Figure_G1_Class_Profile_Probabilities.png,Figure_G1_Class_Profile_Probabilities,407546,1cf5150b91e3858dcc74ba7cdd94b09df52d3dd45a372a439ef66741fec64d4a
G,png,G Segment Profiles/figures/Figure_G2_Standardized_Centroids.png,Figure_G2_Standardized_Centroids,322167,6e22fe198b5cabe60c802dcfbde73a3726d706f3ad53d7b9bf3cae0485aeab96
G,png,G Segment Profiles/figures/Figure_G3_Segment_Sizes.png,Figure_G3_Segment_Sizes,269725,8bd3eae73170a71e2c25c9bd300caa8c4912ef63580ea1f21ef21094cbffc3bf
G,png,G Segment Profiles/figures/Figure_G4_Posterior_Probability_Distribution.png,Figure_G4_Posterior_Probability_Distribution,217935,f2535882bbfe2f861ab15df27e1900972ea4799819073274935885d33f39616d
G,png,G Segment Profiles/figures/Figure_G5_Posterior_Certainty_by_Segment.png,Figure_G5_Posterior_Certainty_by_Segment,181284,54c38bcc24586534c8da934c1684ac111b2ae39bf1c0c62e8409d700dc175bed
G,png,G Segment Profiles/figures/Figure_G6_Class_Defining_Outcomes.png,Figure_G6_Class_Defining_Outcomes,248096,0b9be98b01ec0be4c3b1ee5b3eb99482a3fd546b94e74620fad4068690482c54
G,png,G Segment Profiles/figures/Figure_G7_Auxiliary_Outcomes_and_Mechanisms.png,Figure_G7_Auxiliary_Outcomes_and_Mechanisms,303350,bd28a0b2357d365928bca08f5559d5a79ea0f112bc521613a55a7aef3b388bda
G,md,G Segment Profiles/figures/README.md,README,2673,c0fd5966e5c0431f99ba589c99dcac2d88b8f70b29c57f0d505c128bb9a24f23
G,md,G Segment Profiles/README.md,README,673,34ec64f4d8e9ffb9346e926825c0d81a7770350cc5119c3f5efb8da16411fbd1
G,md,G Segment Profiles/tables/previews/Table_G1_Class_Mapping_and_Labels.md,Table_G1_Class_Mapping_and_Labels,3674,0c596b82dc0110d00d86a9201d1968a7597f50aa2161489628339f2c8398ddad
G,md,G Segment Profiles/tables/previews/Table_G2_Conditional_Response_Probabilities.md,Table_G2_Conditional_Response_Probabilities,23913,de99b7599881dfdd5c3c14b953b721417bc32676a1721ddc8def45ae41b7f2ce
G,md,G Segment Profiles/tables/previews/Table_G3_Segment_Size_and_Certainty.md,Table_G3_Segment_Size_and_Certainty,1627,96412745816ea4154a77e16788e1160ad00a5300bb2b5428960d846a26e2ef5a
G,md,G Segment Profiles/tables/previews/Table_G4_Continuous_Index_Centroids.md,Table_G4_Continuous_Index_Centroids,18235,8a157183a18dc9b8cafcddbd4e13de56ff54208bad241c9f3088b613521be3c2
G,md,G Segment Profiles/tables/previews/Table_G5_Signature_Behaviors.md,Table_G5_Signature_Behaviors,57958,8afd3b558dc3b778724328dd7d7623783760afac2a0f662c47650488968588b4
G,md,G Segment Profiles/tables/previews/Table_G6_Demographic_Profile.md,Table_G6_Demographic_Profile,54840,45dee37781bc53fe9636b0a87f1a1b718d3827f03e9fd1890a88598bda348d63
G,md,G Segment Profiles/tables/previews/Table_G7_Financial_Behavior_Profile.md,Table_G7_Financial_Behavior_Profile,115301,7d1ad1f681f6465cd800a0b260cdf6ec289e29f482adf381bb8a7616e687c482
G,md,G Segment Profiles/tables/previews/Table_G8_Risk_Autonomy_and_Support.md,Table_G8_Risk_Autonomy_and_Support,72452,a7a4fa2b0dec0fb839684edbf8255da70c9f0b69a03267da6caf2a7eb07c69be
G,md,G Segment Profiles/tables/previews/Table_G9_Core_Outcomes.md,Table_G9_Core_Outcomes,79902,d8687b08996e62c1f403e6143a29376d40e05d8972ff037575dfeeab15b700af
G,md,G Segment Profiles/tables/previews/Table_G10_Multinomial_Predictors.md,Table_G10_Multinomial_Predictors,2361,24d51adf32e56b331d1d8ae6aedd5aeed95576c6cf747c0da738755309102210
G,md,G Segment Profiles/tables/previews/Table_G11_Average_Marginal_Effects.md,Table_G11_Average_Marginal_Effects,1542,8463d291e8a8233705458ca3fd620508105927f1425aac1d4100fa4abe79e32e
G,md,G Segment Profiles/tables/previews/Table_G12_Multinomial_Joint_Tests.md,Table_G12_Multinomial_Joint_Tests,942,a30cd0859bd940eb79273d4af7e5a1868b3bd26d6addae632e71cb918f2f820e
G,md,G Segment Profiles/tables/previews/Table_G13_Segment_Outcome_Regressions.md,Table_G13_Segment_Outcome_Regressions,2540,9689d93dc747eb6b192e8f9abc068f1e3802d99edee7b464155c38c20e2bf80f
G,md,G Segment Profiles/tables/previews/Table_G14_Segment_Outcome_Joint_Tests.md,Table_G14_Segment_Outcome_Joint_Tests,2408,92bce4d9e6a6e948e2a74a93191c0819022badf94af3499e3095bb08c4dc624b
G,md,G Segment Profiles/tables/previews/Table_G15_Full_Class_Profiles.md,Table_G15_Full_Class_Profiles,21586,a73dc854bf692c2b93e3ebf85e9e62df7f816f7a26dd492b05a023d555b30087
G,md,G Segment Profiles/tables/previews/Table_G16_Segment_Centroids.md,Table_G16_Segment_Centroids,26819,5b5b635472c2cab5ea9a7d65b4d045c8aecbfe428acccd42c0ac892702c7797f
G,md,G Segment Profiles/tables/previews/Table_G17_Policy_Typology.md,Table_G17_Policy_Typology,7332,05ac26386c24a28d68b81e11dd2c99e60f6502490eab69444a6911cfdd6ea36e
G,md,G Segment Profiles/tables/README.md,README,4885,a54335d91c751a823d47f6283ec051a1ddea408e065a9bb7bf7398010abe0fe8
G,xlsx,G Segment Profiles/tables/Table_G1_Class_Mapping_and_Labels.xlsx,Table_G1_Class_Mapping_and_Labels,5930,628a5576cab6251e56f17d4af0d1d9a9d7706f443027bf834b654691ae339089
G,xlsx,G Segment Profiles/tables/Table_G2_Conditional_Response_Probabilities.xlsx,Table_G2_Conditional_Response_Probabilities,13749,95e4818a3682bcf732530ad8899be124d427bfbeb8af429510374203145c4eab
G,xlsx,G Segment Profiles/tables/Table_G3_Segment_Size_and_Certainty.xlsx,Table_G3_Segment_Size_and_Certainty,3802,66cb4ec3a8096366f2820298eba40dc1ccb601ddb5a6ccf048624dbe835ebd2a
G,xlsx,G Segment Profiles/tables/Table_G4_Continuous_Index_Centroids.xlsx,Table_G4_Continuous_Index_Centroids,14721,a12743692dc1236305546134a36c34556c29fb318aa9758b0edec3a4f73a0b1a
G,xlsx,G Segment Profiles/tables/Table_G5_Signature_Behaviors.xlsx,Table_G5_Signature_Behaviors,30856,c84fdc15986fd105dfb2d3d26e50cf93111fe9f0f32b736005b4dbbe81dd9908
G,xlsx,G Segment Profiles/tables/Table_G6_Demographic_Profile.xlsx,Table_G6_Demographic_Profile,29248,a1aaed200a5e60ed4eb80bbd46346d0cb9412655ba7aa0125d144783fbd4f2d6
G,xlsx,G Segment Profiles/tables/Table_G7_Financial_Behavior_Profile.xlsx,Table_G7_Financial_Behavior_Profile,51816,55c133b633f7a8ae50cd51c8fad3d139c184b8e828ab7d1eba3d758597d356a1
G,xlsx,G Segment Profiles/tables/Table_G8_Risk_Autonomy_and_Support.xlsx,Table_G8_Risk_Autonomy_and_Support,35548,af13228f8ae6071e940777cd108f3cb15f25bf7b95f3393a183155c17a00dcdc
G,xlsx,G Segment Profiles/tables/Table_G9_Core_Outcomes.xlsx,Table_G9_Core_Outcomes,46512,122fdb0a498634a480f15b7d503feadd5407fe0947946589ba393a7ae610d3e1
G,txt,G Segment Profiles/tables/Table_G10_Multinomial_Predictors.txt,Table_G10_Multinomial_Predictors,2211,57cc3c7ef15c8fc7a832e6a50edb9ad4c81e96590304a39731d1cd1d3c3c7e7e
G,txt,G Segment Profiles/tables/Table_G11_Average_Marginal_Effects.txt,Table_G11_Average_Marginal_Effects,1388,894f02acb4fba5ffabc152ed0d6d2d8b098cfc240d95ce4b0845b5982354fe72
G,xlsx,G Segment Profiles/tables/Table_G12_Multinomial_Joint_Tests.xlsx,Table_G12_Multinomial_Joint_Tests,3252,cd9a099b563f2be062a62b09fbdb273c3a11c2d413c1584c7d94912bd868cedf
G,txt,G Segment Profiles/tables/Table_G13_Segment_Outcome_Regressions.txt,Table_G13_Segment_Outcome_Regressions,2387,87c1b8f9bbd4a05d059d21e1f3c6ec799d0e6a00df3a3634aa913a92b1d1f8a3
G,xlsx,G Segment Profiles/tables/Table_G14_Segment_Outcome_Joint_Tests.xlsx,Table_G14_Segment_Outcome_Joint_Tests,4201,658bf422d51001a6d07ef897761cc5f15901498500722a0964882f7285eef537
G,xlsx,G Segment Profiles/tables/Table_G15_Full_Class_Profiles.xlsx,Table_G15_Full_Class_Profiles,13586,fa028ee5231d2e0cd19fc4008c29ab6218bb5ade37578882f38fd1e2bca0632a
G,xlsx,G Segment Profiles/tables/Table_G16_Segment_Centroids.xlsx,Table_G16_Segment_Centroids,21250,724e9b57d83b5674864f772b039396e04fde87639a533b61c1b0942c3942ebca
G,xlsx,G Segment Profiles/tables/Table_G17_Policy_Typology.xlsx,Table_G17_Policy_Typology,7409,493993533236e05c35497871fb2f4686756318ac5d123e103c959b039a0d0c21
Root,md,README.md,README,3195,70c8c047a5a295b9599cc888c6643781196a4343eea0b3cbdb31035a4efd0c9a
